,type,created_at,repo_id,repo_name,actor_id,actor_login,org_id,org_login,event_type,event_ref,repo_master_branch,event_pusher_type
35,CreateEvent,2018-08-30 17:13:49+00:00,145651785,kislyuk/gs,862013,kislyuk,,,tag,v0.1.3,master,user
123,CreateEvent,2011-06-25 21:06:27+00:00,1079822,jodal/pykka,43726,jodal,,,tag,v0.12.3,master,
124,CreateEvent,2011-04-25 12:08:31+00:00,1079822,jodal/pykka,43726,jodal,,,tag,v0.12.1,,
166,CreateEvent,2017-06-17 02:23:50+00:00,93703838,ahawker/ulid,178002,ahawker,,,branch,issue/6-from-randomness-using-models,master,user
198,CreateEvent,2017-08-27 13:02:51+00:00,44054354,dabeaz/curio,350836,dabeaz,,,tag,0.8,master,user
209,CreateEvent,2015-04-22 20:43:07+00:00,309235,gmr/rejected,49469,gmr,,,tag,3.4.6,master,user
337,CreateEvent,2018-07-31 12:12:27+00:00,17733039,sloria/konch,27856297,dependabot[bot],,,branch,dependabot/pip/pytest-3.7.0,dev,user
364,CreateEvent,2018-08-08 04:56:57+00:00,45852176,arose/nglview,4451957,hainm,,,tag,v1.1.6,master,user
640,CreateEvent,2017-04-21 13:59:20+00:00,48170794,jepegit/cellpy,16334959,jepegit,,,branch,pyup-pin-six-1.10.0,master,user
650,CreateEvent,2017-06-22 14:57:14+00:00,1408162,jpadilla/pyjwt,83319,jpadilla,,,tag,1.5.1,master,user
701,CreateEvent,2018-04-10 11:57:44+00:00,120747161,shaypal5/birch,917954,shaypal5,,,tag,v0.0.10,master,user
728,CreateEvent,2016-09-13 20:51:23+00:00,36823752,wbond/oscrypto,41734,wbond,,,tag,0.17.1,master,user
746,CreateEvent,2016-08-03 15:31:54+00:00,56257335,Rambatino/CHAID,9027149,xulaus,,,branch,feature/add_version_to_module,master,user
772,CreateEvent,2016-10-03 22:19:13+00:00,37182318,brainix/pottery,1017698,brainix,,,branch,abstract-base-mixins,master,user
774,CreateEvent,2016-11-10 21:04:10+00:00,37182318,brainix/pottery,1017698,brainix,,,branch,doctests,master,user
778,CreateEvent,2016-05-01 17:02:52+00:00,57673723,corydodt/Codado,121705,corydodt,,,repository,,master,user
807,CreateEvent,2018-03-22 02:48:11+00:00,99625403,feluxe/buildlib,6545589,feluxe,,,tag,2.0.0-beta.34,2.0,user
824,CreateEvent,2017-02-06 18:14:15+00:00,13718558,hhatto/pgmagick,150309,hhatto,,,tag,ver0.6.4,master,user
842,CreateEvent,2018-01-09 02:04:33+00:00,5473383,keleshev/schema,23648,skorokithakis,,,tag,v0.6.7,master,user
849,CreateEvent,2015-07-03 17:26:32+00:00,4477733,kevin1024/vcrpy,1246619,IvanMalison,,,tag,v1.6.0,master,user
875,CreateEvent,2016-02-24 10:11:05+00:00,8307391,mahmoud/boltons,130193,mahmoud,,,tag,16.1.0,master,user
912,CreateEvent,2018-07-02 06:40:31+00:00,88241992,rsalmei/clearly,6652853,rsalmei,,,branch,rsa-enable-travis,master,user
951,CreateEvent,2015-06-08 20:55:31+00:00,23023249,thefab/tornadis,303097,thefab,,,branch,unixsocket,master,user
955,CreateEvent,2017-09-08 10:37:29+00:00,39515694,ungarj/mapchete,3802285,ungarj,,,branch,refactor_create_mosaic,master,user
964,CreateEvent,2015-02-06 09:08:26+00:00,17214270,xlcnd/isbntools,6782145,xlcnd,,,tag,v4.1.1,master,user
993,CreateEvent,2017-11-26 02:32:51+00:00,87262342,astorfi/speechpy,13461059,astorfi,,,tag,1.3.4,master,user
1009,CreateEvent,2017-02-08 18:27:50+00:00,667289,daler/pybedtools,115406,daler,,,branch,issue-196,master,user
1088,CreateEvent,2015-06-02 11:17:06+00:00,33958377,klen/muffin-rest,90699,klen,,,tag,0.0.11,develop,user
1095,CreateEvent,2017-10-31 08:31:53+00:00,23396792,merll/docker-map,6816929,merll,,,tag,0.8.0rc1,master,user
1098,CreateEvent,2016-12-02 18:33:00+00:00,41117430,mfussenegger/cr8,38700,mfussenegger,,,branch,rm-data,master,user
1141,CreateEvent,2017-05-08 02:50:44+00:00,7946956,rm-hull/luma.lcd,305679,thijstriemstra,,,branch,changelog-0.4.1,master,user
1146,CreateEvent,2017-07-17 18:03:44+00:00,63892846,samuelcolvin/arq,4039449,samuelcolvin,,,branch,pyup-update-pytest-mock-1.6.0-to-1.6.2,master,user
1166,CreateEvent,2016-05-10 09:46:43+00:00,58374888,wkentaro/labelme,4310419,wkentaro,,,tag,v1.2.0,master,user
1168,CreateEvent,2018-06-13 05:19:17+00:00,58374888,wkentaro/labelme,4310419,wkentaro,,,branch,excludes_matplotlib_by_spec_option,master,user
1244,CreateEvent,2017-12-28 16:59:14+00:00,84231584,deadc0de6/dotdrop,8973919,deadc0de6,,,branch,diffopts,master,user
1245,CreateEvent,2017-04-07 21:55:10+00:00,58881399,desbma/amg-player,1145175,desbma,,,tag,0.4.2,master,user
1259,CreateEvent,2017-10-26 23:50:52+00:00,37994092,doakey3/DashTable,16495887,doakey3,,,tag,1.3.5,master,user
1303,CreateEvent,2016-08-04 17:19:31+00:00,64950970,hartym/git-semver,30586,hartym,,,tag,0.1.3,master,user
1310,CreateEvent,2017-01-04 23:16:30+00:00,14277213,jaraco/svg.charts,308610,jaraco,,,tag,3.4.4,master,user
1388,CreateEvent,2016-09-02 07:06:01+00:00,2909429,nicolargo/glances,776747,nicolargo,,,tag,v2.7_RC1,master,user
1433,CreateEvent,2015-09-27 05:12:45+00:00,9288189,steven-murray/hmf,1272030,steven-murray,,,branch,feature/add_pillepich,master,user
1451,CreateEvent,2017-03-16 04:59:42+00:00,62554714,zertrin/clikraken,1447163,zertrin,,,tag,0.3.1,master,user
1453,CreateEvent,2017-12-30 09:06:08+00:00,11100375,BoboTiG/python-mss,2033598,BoboTiG,,,tag,v3.1.1,master,user
1480,CreateEvent,2016-07-13 11:43:37+00:00,5775977,bear/parsedatetime,1267,bear,,,branch,ci-tweaks,master,user
1481,CreateEvent,2017-11-10 22:48:07+00:00,5879214,berkerpeksag/astor,26338,berkerpeksag,,,branch,0.6-release,master,user
1521,CreateEvent,2015-05-30 15:09:23+00:00,28453253,hughperkins/DeepCL,123560,hughperkins,,,tag,v5.8.4beta2,master,user
1543,CreateEvent,2017-07-17 00:19:06+00:00,12116802,lavr/python-emails,129239,lavr,,,branch,smtp-context-manager,master,user
1544,CreateEvent,2015-03-23 22:53:12+00:00,12116802,lavr/python-emails,129239,lavr,,,tag,v0.4.12,master,user
1609,CreateEvent,2018-02-09 14:08:06+00:00,56998522,skorokithakis/catt,19859003,theychx,,,branch,namespace-error,master,user
1675,CreateEvent,2016-08-05 22:00:12+00:00,65031294,xtrinch/fcm-django,7256491,xtrinch,,,tag,0.1.3,master,user
1681,CreateEvent,2017-06-14 01:57:16+00:00,65155092,ClimbsRocks/auto_ml,7017045,ClimbsRocks,,,branch,numpy_updating,master,user
1704,CreateEvent,2018-08-18 21:11:19+00:00,83990951,RedFantom/ttkthemes,15170036,RedFantom,,,branch,format,master,user
1781,CreateEvent,2018-03-06 22:38:07+00:00,9760336,iheanyi/bandcamp-dl,1984403,Evolution0,,,tag,v0.0.8-11,master,user
1793,CreateEvent,2017-05-30 11:13:17+00:00,66791477,jborean93/ntlm-auth,8462645,jborean93,,,tag,v1.0.4,master,user
1795,CreateEvent,2017-03-04 17:53:47+00:00,80053206,joanvila/aioredlock,9008887,joanvila,,,branch,multiple_redis_instances,master,user
1799,CreateEvent,2017-11-15 20:31:12+00:00,62165703,kalaspuff/tomodachi,89139,kalaspuff,,,branch,pyup/update-botocore-1.7.40-to-1.7.45,master,user
1872,CreateEvent,2018-02-15 12:04:44+00:00,19197576,rougier/freetype-py,327203,rougier,,,tag,1.2,master,user
1917,CreateEvent,2015-05-20 07:34:28+00:00,8685799,DRMacIver/hypothesis,28623,DRMacIver,,,branch,better_errors_from_stateful,master,user
1919,CreateEvent,2016-01-07 09:52:35+00:00,8685799,DRMacIver/hypothesis,28623,DRMacIver,,,branch,flakyassumption,master,user
1935,CreateEvent,2018-07-23 13:08:35+00:00,136852747,andrewcooke/choochoo,1429281,andrewcooke,,,branch,plan,master,user
1963,CreateEvent,2015-01-22 19:38:04+00:00,15911914,dbuscombe-usgs/PyHum,3596509,dbuscombe-usgs,,,tag,v1.0.7,master,user
2143,CreateEvent,2015-10-29 09:53:02+00:00,45174412,sarathsp06/exotel-py,964542,sarathsp06,,,repository,,master,user
2188,CreateEvent,2017-01-30 05:24:50+00:00,78244304,Shir0kamii/csvalidate,4960324,Shir0kamii,,,branch,pyup-update-marshmallow-2.12.1-to-2.12.2,master,user
2189,CreateEvent,2016-08-29 10:30:45+00:00,66557611,Stranger6667/pyoffers,1236561,Stranger6667,,,tag,0.2.0,master,user
2207,CreateEvent,2016-09-04 20:01:36+00:00,67365593,danicarrion/pyrestcli,498023,danicarrion,,,repository,,master,user
2226,CreateEvent,2017-01-17 16:06:22+00:00,65250725,glitchassassin/lackey,7684744,glitchassassin,,,tag,v0.5.3,master,user
2272,CreateEvent,2016-05-29 20:33:22+00:00,47421001,hackebrot/jinja2-time,6024445,hackebrot,,,branch,add-support-for-time-offset,master,user
2274,CreateEvent,2015-10-31 15:05:05+00:00,45183461,jaraco/jaraco.mongodb,308610,jaraco,,,tag,3.0,master,user
2291,CreateEvent,2015-12-23 16:16:13+00:00,48497192,mathiasertl/django-ca,6200103,mathiasertl,,,branch,debian,master,user
2302,CreateEvent,2018-02-20 16:34:09+00:00,52575367,nficano/python-lambda,1403289,javamonkey79,,,tag,v3.1.2,master,user
2428,CreateEvent,2015-09-05 13:28:36+00:00,31923856,elky/django-flat-theme,209663,elky,,,tag,1.1.1,master,user
2502,CreateEvent,2018-04-29 06:04:44+00:00,52094644,thombashi/DataProperty,15517661,thombashi,,,tag,v0.30.3,master,user
2503,CreateEvent,2016-11-13 03:35:19+00:00,54639247,thombashi/pathvalidate,15517661,thombashi,,,tag,v0.9.0,master,user
2504,CreateEvent,2018-07-08 03:15:03+00:00,65124352,thombashi/sqliteschema,15517661,thombashi,,,tag,v0.11.0,master,user
2508,CreateEvent,2016-03-13 19:02:32+00:00,30243109,Danielhiversen/pyRFXtrx,650502,Danielhiversen,,,tag,0.6.5,master,user
2530,CreateEvent,2017-08-04 10:05:18+00:00,30379674,adamchainz/django-mysql,857609,adamchainz,,,branch,upgrade_requirements,master,user
2548,CreateEvent,2015-01-25 19:43:01+00:00,18266141,cameronbwhite/Flask-CAS,5105665,cameronbwhite,,,tag,v0.5.0,master,user
2582,CreateEvent,2016-01-28 04:16:22+00:00,36964309,jantman/awslimitchecker,273454,jantman,,,branch,issues/95,master,user
2641,CreateEvent,2017-03-19 02:03:55+00:00,78046624,rharder/asyncpushbullet,75600,rharder,,,tag,0.12.14,master,user
2645,CreateEvent,2017-08-03 23:35:44+00:00,77737382,smarie/python-autoclass,3236794,smarie,,,tag,1.2.0,master,user
2655,CreateEvent,2016-11-23 03:32:16+00:00,71712658,thombashi/pytablereader,15517661,thombashi,,,tag,v0.6.4,master,user
2809,CreateEvent,2017-07-31 10:53:21+00:00,92439132,vovanbo/aiohttp_json_api,877240,vovanbo,,,tag,0.17.1,master,user
2915,CreateEvent,2017-08-25 10:11:43+00:00,100733089,junaruga/rpm-py-installer,121989,junaruga,,,branch,feature/add-release-script,master,user
2920,CreateEvent,2018-04-25 03:16:10+00:00,130478940,lidatong/dataclasses-json,13275245,lidatong,,,tag,v0.0.5,master,user
2940,CreateEvent,2015-04-02 09:22:05+00:00,3929597,mbi/django-simple-captcha,131808,mbi,,,branch,unicode-decode-errors,master,user
2943,CreateEvent,2017-05-26 14:34:44+00:00,91954905,mjj4791/python-buienradar,24634311,mjj4791,,,tag,first_commit,master,user
2970,CreateEvent,2015-05-13 19:19:58+00:00,4479494,serge-sans-paille/pythran,863807,serge-sans-paille,,,branch,feature/distutils-compilation,master,user
3110,CreateEvent,2015-12-28 12:18:11+00:00,9025087,daniellawrence/graphitesend,814463,daniellawrence,,,branch,cleanup_setup_py,master,user
3117,CreateEvent,2015-11-09 09:47:41+00:00,29258660,etianen/django-python3-ldap,148744,etianen,,,tag,0.9.7,master,user
3136,CreateEvent,2018-05-01 05:44:59+00:00,76535478,treethought/flask-assistant,15894818,treethought,,,tag,0.2.95,master,user
3143,CreateEvent,2017-03-24 15:47:45+00:00,84798035,absent1706/sqlalchemy-mixins,1609763,absent1706,,,branch,0.2,master,user
3152,CreateEvent,2017-05-03 08:33:37+00:00,90007122,jezdez/django-celery-monitor,1610,jezdez,,,tag,1.0.1,master,user
3155,CreateEvent,2018-06-05 15:04:30+00:00,10520222,jneight/django-db-geventpool,214941,jneight,,,branch,django_versions_for_testing,master,user
3178,CreateEvent,2017-10-18 21:19:13+00:00,78106937,strizhechenko/netutils-linux,3813830,strizhechenko,,,branch,server_info_lsblk_bug,master,user
3214,CreateEvent,2016-08-25 07:16:37+00:00,24945347,saxix/django-admin-extra-urls,27282,saxix,,,tag,1.3.1,develop,user
3218,CreateEvent,2016-02-12 14:45:29+00:00,1625613,twidi/django-extended-choices,193474,twidi,,,tag,v1.0.6,master,user
3226,CreateEvent,2016-10-07 14:23:32+00:00,67903325,MSeifert04/iteration_utilities,14200878,MSeifert04,,,branch,remove_ne_comparison,master,user
3254,CreateEvent,2016-01-10 03:48:31+00:00,37830040,miguelgrinberg/python-engineio,2715854,miguelgrinberg,,,tag,v0.8.6,master,user
3259,CreateEvent,2017-12-08 14:03:51+00:00,113572647,ndrplz/google-drive-downloader,3187598,ndrplz,,,tag,0.2,master,user
3264,CreateEvent,2016-03-29 19:30:53+00:00,8995136,victor-o-silva/db_file_storage,3804282,victor-o-silva,,,branch,pr/6,master,user
3269,CreateEvent,2017-03-10 21:05:09+00:00,77217599,SergeyPirogov/webdriver_manager,4622856,SergeyPirogov,,,branch,pipenv,master,user
3270,CreateEvent,2018-05-12 13:10:32+00:00,77217599,SergeyPirogov/webdriver_manager,4622856,SergeyPirogov,,,tag,v1.6,master,user
3300,CreateEvent,2015-04-01 14:12:18+00:00,8177778,koalalorenzo/python-digitalocean,33528,koalalorenzo,,,branch,feature/remove-properties,master,user
3305,CreateEvent,2018-02-19 22:48:00+00:00,2422928,redacted/XKCD-password-generator,34455,redacted,,,tag,xkcdpass-1.15.1,master,user
3352,CreateEvent,2018-07-15 15:52:39+00:00,99447223,mattiaslinnap/django-partial-index,315310,mattiaslinnap,,,tag,0.5.2,master,user
3364,CreateEvent,2017-10-13 09:45:14+00:00,37062480,fabiocaccamo/django-maintenance-mode,1035294,fabiocaccamo,,,tag,0.6.6,master,user
3379,CreateEvent,2018-07-10 02:00:24+00:00,70118622,stephenhky/PyShortTextCategorization,3810067,stephenhky,,,tag,1.0.0a1,master,user
3387,CreateEvent,2017-07-28 16:25:00+00:00,2238739,KristianOellegaard/django-health-check,1772890,codingjoe,,,branch,pyup-update-flake8-3.3.0-to-3.4.1,master,user
3444,CreateEvent,2018-07-30 22:10:55+00:00,2954583,camptocamp/tilecloud,4902636,sdebayle,28109,camptocamp,branch,requires-io-master,master,user
3449,CreateEvent,2018-06-05 08:20:20+00:00,80519091,camptocamp/c2cwsgiutils,1180608,pvalsecc,28109,camptocamp,tag,2.4.0,master,user
3513,CreateEvent,2018-04-27 07:26:11+00:00,34864402,apache/incubator-mxnet,18629099,marcoabreu,47359,apache,branch,revert-10624-debug_mkldnn,master,user
3625,CreateEvent,2016-07-29 22:21:33+00:00,55727134,Yelp/kafka-utils,1931314,ecanzonieri,49071,Yelp,tag,v0.3.3,master,user
3628,CreateEvent,2015-01-15 02:49:58+00:00,24482164,Yelp/venv-update,640328,bukzor,49071,Yelp,branch,exec-again,master,user
3643,CreateEvent,2017-01-26 21:15:45+00:00,843712,ccnmtl/django-pagetree,59292,nikolas,52456,ccnmtl,branch,document-ready-jquery-ui,master,user
3646,CreateEvent,2016-06-14 11:18:24+00:00,4192553,incuna/django-orderable,6973481,adam-thomas,55510,incuna,tag,v4.0.3,master,user
3682,CreateEvent,2016-06-22 14:29:09+00:00,6930489,facebook/watchman,117777,wez,69631,facebook,tag,v4.6.0-rc13,master,user
3712,CreateEvent,2017-09-15 14:17:35+00:00,83574500,plone/guillotina,524413,vangheem,72034,plone,branch,load-factory-cache-with-schema,master,user
3723,CreateEvent,2017-09-03 21:12:25+00:00,2414872,plone/plone.app.tiles,160447,datakurre,72034,plone,branch,datakurre-drafting-images,master,user
3729,CreateEvent,2016-09-13 23:27:49+00:00,2452743,plone/plone.app.portlets,210587,mauritsvanrees,72034,plone,tag,3.1.4,master,user
3731,CreateEvent,2016-10-02 21:30:19+00:00,2432535,plone/plone.app.redirector,1155680,gforcada,72034,plone,branch,gforcada-patch-2,master,user
3745,CreateEvent,2017-06-14 20:16:50+00:00,2432576,plone/plone.recipe.zope2instance,49014,davisagli,72034,plone,branch,storage-wrapper,master,user
3752,CreateEvent,2016-03-30 13:07:27+00:00,22734455,globocom/GloboNetworkAPI-client-python,1640691,laurapanzariello,83798,globocom,branch,develop_v3_web,master,user
3767,CreateEvent,2016-09-20 08:39:27+00:00,16512920,divio/djangocms-video,270307,FinalAngel,117904,divio,tag,2.0.2,master,user
3811,CreateEvent,2018-08-09 08:49:29+00:00,8463294,mozilla/treeherder,31017,ghickman,131524,mozilla,branch,remove-bug-job-map-save,master,user
3858,CreateEvent,2017-02-02 20:26:01+00:00,527040,recurly/recurly-client-python,185919,bhelx,144605,recurly,branch,cache_response_headers,master,user
3899,CreateEvent,2018-06-20 11:14:09+00:00,57193500,sbg/sevenbridges-python,9110536,QuicksilverMachine,233118,sbg,tag,0.13.2,develop,user
3900,CreateEvent,2015-10-21 21:28:55+00:00,1822630,edgewall/genshi,165551,hodgestar,246118,edgewall,branch,experimental/newctxt,master,user
3902,CreateEvent,2017-02-22 17:31:45+00:00,9155431,spotify/annoy,1027979,erikbern,251374,spotify,branch,remove-py26-py33,master,user
3924,CreateEvent,2017-05-31 08:50:57+00:00,5888353,spotify/luigi,294349,Tarrasch,251374,spotify,branch,remove-hadoop-builds,master,user
4005,CreateEvent,2017-06-16 14:14:54+00:00,744916,gem/oq-engine,1818657,daniviga,316546,gem,branch,fix-run-demos,master,user
4010,CreateEvent,2018-05-30 14:11:24+00:00,744916,gem/oq-engine,1818657,daniviga,316546,gem,branch,latex,master,user
4017,CreateEvent,2015-08-26 00:36:01+00:00,744916,gem/oq-engine,2463856,micheles,316546,gem,branch,show-mean-avg-losses,master,user
4036,CreateEvent,2018-01-10 04:36:38+00:00,744916,gem/oq-engine,2463856,micheles,316546,gem,branch,disagg_outputs,master,user
4038,CreateEvent,2017-06-28 04:54:09+00:00,744916,gem/oq-engine,2463856,micheles,316546,gem,branch,indices,master,user
4046,CreateEvent,2018-06-06 22:08:15+00:00,67762635,InsightSoftwareConsortium/ITKIsotropicWavelets,3021667,phcerdan,319479,InsightSoftwareConsortium,branch,remove_freq_iterators,master,user
4089,CreateEvent,2018-03-22 01:46:55+00:00,6670942,boto/botocore,8496417,awstools,327752,boto,tag,1.9.14,develop,user
4098,CreateEvent,2018-06-01 14:13:35+00:00,124205224,nokia/git-changelog-generator,2445059,weakcamel,341053,nokia,tag,asd,master,user
4122,CreateEvent,2018-03-19 11:37:35+00:00,5639801,collective/plone.app.locales,817365,erral,362867,collective,branch,pam-issue-191-move-translations-to-plone-plone-5.0.x,master,user
4130,CreateEvent,2017-02-06 21:05:09+00:00,61572326,DataDog/dd-trace-py,3237580,talwai,365230,DataDog,branch,talwai/run_program,master,user
4138,CreateEvent,2016-12-23 21:59:19+00:00,61572326,DataDog/dd-trace-py,163404,awang,365230,DataDog,branch,awang/fix_docs,master,user
4212,CreateEvent,2017-05-16 17:16:21+00:00,62725884,kayak/pypika,2015509,twheys,521891,kayak,branch,listfield_quotechar,master,user
4231,CreateEvent,2016-08-30 17:20:15+00:00,11686678,enthought/okonomiyaki,8750059,JCorson,539651,enthought,branch,backport/228-add-support-for-cpython-36,master,user
4276,CreateEvent,2017-02-03 12:05:27+00:00,47820197,alphagov/notifications-python-client,20925406,govuk-notify-jenkins,596977,alphagov,tag,jenkins-notifications-python-client-master-34,master,user
4279,CreateEvent,2017-11-16 18:39:09+00:00,16785167,mapbox/mercantile,33697,sgillies,600935,mapbox,tag,1.0a1,master,user
4298,CreateEvent,2016-07-14 07:29:19+00:00,12442243,nephila/djangocms-installer,714711,yakky,630341,nephila,branch,hotfix/timezone,develop,user
4313,CreateEvent,2018-02-20 05:31:32+00:00,26724267,robotpy/robotpy-wpilib-utilities,567900,virtuald,640276,robotpy,tag,2018.1.2,master,user
4315,CreateEvent,2018-01-30 00:55:37+00:00,26724267,robotpy/robotpy-wpilib-utilities,6132901,twinters007,640276,robotpy,tag,2018.0.2,master,user
4316,CreateEvent,2018-03-03 05:06:06+00:00,26724267,robotpy/robotpy-wpilib-utilities,128854,auscompgeek,640276,robotpy,branch,auto-delay-free,master,user
4349,CreateEvent,2018-04-27 07:14:12+00:00,79510167,pypa/pipenv,605277,uranusjr,647025,pypa,branch,atomic-lockfile-overwrite,master,user
4383,CreateEvent,2016-12-02 03:24:59+00:00,52133265,statgen/pheweb,862089,pjvandehaar,651584,statgen,branch,mgi-sna2,master,user
4406,CreateEvent,2016-09-09 22:32:20+00:00,16623236,scrapinghub/adblockparser,107893,kmike,699596,scrapinghub,tag,0.6,master,user
4445,CreateEvent,2016-01-19 23:06:51+00:00,44844256,transcriptic/transcriptic,7219923,therzka,738318,transcriptic,branch,listruns,master,user
4454,CreateEvent,2016-03-24 18:00:35+00:00,4978045,Parsely/pykafka,723615,emmett9001,779641,Parsely,branch,enhancement/pypy_snappy,master,user
4486,CreateEvent,2018-06-14 19:51:01+00:00,1811242,Simplistix/testfixtures,632049,cjw296,809412,Simplistix,tag,6.2.0,master,user
4514,CreateEvent,2016-10-12 18:24:08+00:00,1953389,stripe/stripe-python,14116796,olivierbellone,856813,stripe,branch,ob-sources,master,user
4594,CreateEvent,2016-07-12 15:35:42+00:00,26542499,uploadcare/pillow-simd,128982,homm,978311,uploadcare,branch,simd/3.2.x-prod,simd/3.3.x,user
4597,CreateEvent,2016-02-07 21:12:42+00:00,51204639,sagemath/cysignals,3625785,jdemeyer,982721,sagemath,branch,install_headers,master,user
4603,CreateEvent,2015-08-06 12:57:36+00:00,5786856,ceph/ceph-deploy,317847,alfredodeza,1015767,ceph,branch,RM-12631,master,user
4675,CreateEvent,2015-04-27 13:50:06+00:00,30921526,mozilla-services/cliquet,546692,leplatrem,1066228,mozilla-services,branch,provide-error-details,master,user
4683,CreateEvent,2015-10-30 16:15:50+00:00,30921526,mozilla-services/cliquet,229453,Natim,1066228,mozilla-services,branch,new-master,master,user
4737,CreateEvent,2017-08-03 11:17:18+00:00,41740681,inveniosoftware/invenio-access,1698163,lnielsen,1157480,inveniosoftware,branch,refactoring,master,user
4740,CreateEvent,2018-03-21 11:41:42+00:00,43604163,inveniosoftware/invenio-assets,656365,krzysztof,1157480,inveniosoftware,branch,release-1.0.0,master,user
4757,CreateEvent,2015-10-30 22:41:31+00:00,44370687,inveniosoftware/invenio-records-ui,1698163,lnielsen,1157480,inveniosoftware,tag,v1.0.0a1,master,user
4772,CreateEvent,2015-03-03 09:24:33+00:00,23351485,OnroerendErfgoed/language-tags,7933103,cahytinne,1157802,OnroerendErfgoed,tag,0.3.1,master,user
4784,CreateEvent,2016-04-19 23:12:08+00:00,4802269,dnanexus/dx-toolkit,146557,psung,1161297,dnanexus,tag,v0.188.1,master,user
4785,CreateEvent,2016-09-06 21:22:59+00:00,4802269,dnanexus/dx-toolkit,64425,geetduggal,1161297,dnanexus,branch,PTFM-18587-newest-proot,master,user
4787,CreateEvent,2017-10-06 06:47:18+00:00,8503822,zopefoundation/martian,386619,icemac,1163184,zopefoundation,branch,update-python-versions,master,user
4790,CreateEvent,2017-09-15 13:50:51+00:00,8418702,zopefoundation/Persistence,386619,icemac,1163184,zopefoundation,tag,3.0b1,master,user
4802,CreateEvent,2018-03-22 18:34:31+00:00,8411519,zopefoundation/DocumentTemplate,453208,pbauer,1163184,zopefoundation,branch,python3,master,user
4823,CreateEvent,2015-12-09 15:43:23+00:00,20815950,gadventures/gapipy,767223,rafikdraoui,1210593,gadventures,branch,accomm-component,master,user
4824,CreateEvent,2017-06-23 18:58:45+00:00,20815950,gadventures/gapipy,8718473,annakovale,1210593,gadventures,branch,best_prices,master,user
4867,CreateEvent,2017-11-25 13:15:18+00:00,2866041,kivy/python-for-android,1265819,inclement,1266152,kivy,tag,0.6.0,master,user
4934,CreateEvent,2016-09-20 08:10:22+00:00,24993138,google/brotli,203457,eustas,1342004,google,branch,fix-homebrew-gcc-6,master,user
5013,CreateEvent,2018-05-14 18:29:26+00:00,60379729,quantopian/alphalens,15273575,luca-s,1393215,quantopian,tag,v0.3.2,master,user
5017,CreateEvent,2016-07-06 20:02:59+00:00,32467082,quantopian/coal-mine,1598067,jikamens,1393215,quantopian,tag,v0.4.8,master,user
5047,CreateEvent,2016-12-09 19:47:28+00:00,25181584,h2oai/sparkling-water,597582,mmalohlava,1402695,h2oai,tag,RELEASE-2.0.2,master,user
5056,CreateEvent,2016-11-19 21:59:04+00:00,25181584,h2oai/sparkling-water,3627377,jangorecki,1402695,h2oai,branch,JG_SW-240_upgrade-h2o-dep,master,user
5066,CreateEvent,2016-06-23 19:37:59+00:00,25181584,h2oai/sparkling-water,1640650,mklechan,1402695,h2oai,branch,MC_SSExample,master,user
5070,CreateEvent,2018-04-19 11:08:57+00:00,25181584,h2oai/sparkling-water,4374603,jakubhava,1402695,h2oai,branch,jh/jira/sw-808,master,user
5077,CreateEvent,2015-12-29 19:30:27+00:00,3510804,GalSim-developers/GalSim,623887,rmjarvis,1462196,GalSim-developers,branch,#308,releases/1.3,user
5099,CreateEvent,2016-02-25 21:20:47+00:00,51756569,BlueBrain/BluePyOpt,3098670,wvangeit,1479142,BlueBrain,branch,fix_analysel5pc,master,user
5326,CreateEvent,2017-10-31 19:50:13+00:00,38744670,zalando/patroni,3407345,CyberDem0n,1564818,zalando,branch,bugfix/consul-token,master,user
5366,CreateEvent,2018-06-13 14:27:34+00:00,5674488,Infinidat/infi.recipe.application_packager,1745687,jenkins-infinidat,1667528,Infinidat,branch,python23,develop,user
5409,CreateEvent,2018-03-15 11:01:09+00:00,15510233,openfisca/openfisca-france,18620060,openfisca-bot,1794404,openfisca,tag,20.4.1,master,user
5425,CreateEvent,2018-04-06 21:32:58+00:00,83072729,CartoDB/cartoframes,1041056,andy-esch,1799254,CartoDB,branch,v0.6.0_release,master,user
5459,CreateEvent,2017-03-16 14:32:11+00:00,8545356,burke-software/django-mass-edit,739307,bufke,2084829,burke-software,tag,v3.0,master,user
5468,CreateEvent,2017-07-20 15:12:21+00:00,33678988,genialis/resolwe,5970282,dblenkus,2120224,genialis,tag,1.5.1,master,user
5483,CreateEvent,2017-12-12 16:01:40+00:00,46388888,genialis/resolwe-bio,2518544,tjanez,2120224,genialis,tag,6.1.0,master,user
5504,CreateEvent,2015-12-22 09:13:18+00:00,8718211,upyun/python-sdk,416154,timebug,2289805,upyun,branch,fix_docs,master,user
5541,CreateEvent,2017-11-07 08:42:36+00:00,6046537,ararteko/arartekomaps,1741252,urtzai,2472525,ararteko,tag,5.93,master,user
5575,CreateEvent,2017-11-25 18:20:47+00:00,18146855,Thermondo/closeio,1772890,codingjoe,2737160,Thermondo,branch,pbr,master,user
5576,CreateEvent,2017-03-29 01:36:13+00:00,18146855,Thermondo/closeio,540890,syphar,2737160,Thermondo,branch,pyup-update-pip-tools-1.8.0-to-1.8.2,master,user
5584,CreateEvent,2018-06-19 08:15:10+00:00,24213271,adobe-type-tools/afdko,2119742,miguelsousa,2768660,adobe-type-tools,branch,makeotf-ufo-fix,develop,user
5653,CreateEvent,2017-02-24 22:50:00+00:00,16316451,GoogleCloudPlatform/google-cloud-python,520669,dhermes,2810941,GoogleCloudPlatform,tag,monitoring-0.23.0,master,user
5712,CreateEvent,2018-03-28 19:56:49+00:00,16316451,GoogleCloudPlatform/google-cloud-python,4346,lukesneeringer,2810941,GoogleCloudPlatform,branch,vision-v1p2beta1,master,user
5723,CreateEvent,2018-05-03 22:35:13+00:00,11852493,GoogleCloudPlatform/compute-image-packages,1766378,illfelder,2810941,GoogleCloudPlatform,tag,20180503,master,user
5866,CreateEvent,2016-09-22 00:36:31+00:00,7209075,pantsbuild/pants,46740,stuhood,3065172,pantsbuild,tag,org.pantsbuild-zinc-sbt-compiler-javac_2.10-0.0.4,master,user
5907,CreateEvent,2017-06-09 01:01:30+00:00,82338450,ripple/dactyl,7515597,mDuo13,3165523,ripple,tag,v0.6.2,master,user
5919,CreateEvent,2018-07-18 06:10:51+00:00,93721432,awslabs/sockeye,2027990,fhieber,3299148,awslabs,branch,mxnet121,master,user
5960,CreateEvent,2016-11-05 00:21:18+00:00,13592924,python-openxml/python-docx,2062718,scanny,3403760,python-openxml,branch,feature/cell-vert-align,master,user
5982,CreateEvent,2017-04-11 19:10:58+00:00,45906846,jpmml/sklearn2pmml,3462679,vruusmann,3713638,jpmml,tag,0.19.0,master,user
6010,CreateEvent,2017-04-20 17:01:42+00:00,83606106,uw-it-aca/uw-restclients-sws,842706,jlaney,3730428,uw-it-aca,branch,feature/remove-graderoster,master,user
6080,CreateEvent,2017-01-02 18:00:45+00:00,17720373,crate/crash,38700,mfussenegger,4048232,crate,branch,j/suspend,master,user
6081,CreateEvent,2015-04-30 20:09:44+00:00,17720373,crate/crash,38700,mfussenegger,4048232,crate,branch,j/dynamic,master,user
6082,CreateEvent,2018-03-27 09:48:56+00:00,12426527,crate/crate-python,281260,chaudum,4048232,crate,branch,h/get-tables,master,user
6104,CreateEvent,2016-06-16 10:51:44+00:00,11426455,aldryn/aldryn-forms,270307,FinalAngel,4201738,aldryn,branch,feature/translations,master,user
6108,CreateEvent,2015-10-31 17:40:45+00:00,11681402,aldryn/aldryn-people,615759,mkoistinen,4201738,aldryn,tag,1.1.0,master,user
6118,CreateEvent,2015-05-27 18:55:25+00:00,28335340,aldryn/aldryn-apphooks-config,2700360,Chive,4201738,aldryn,branch,feature/get-apphook-config-from-obj,master,user
6136,CreateEvent,2017-01-30 01:31:02+00:00,17222228,hltcoe/concrete-python,457238,cjmay,4398708,hltcoe,tag,4.12.7,master,user
6169,CreateEvent,2015-02-18 16:33:23+00:00,11322495,solvebio/solvebio-python,7460,davecap,4605768,solvebio,tag,1.7.9,master,user
6190,CreateEvent,2018-08-01 19:55:42+00:00,125465875,sandialabs/bientropy,5553476,rhelins,4993680,sandialabs,tag,v1.1.0,master,user
6198,CreateEvent,2017-02-07 03:14:01+00:00,34239786,AlienVault-Labs/OTX-Python-SDK,3747415,chrisdoman,5087433,AlienVault-Labs,branch,cdoman-devServer,master,user
6241,CreateEvent,2017-03-28 23:29:57+00:00,10247874,docker/docker-py,1086876,shin-,5429470,docker,branch,appveyor,master,user
6248,CreateEvent,2016-04-06 20:21:43+00:00,10247874,docker/docker-py,1086876,shin-,5429470,docker,tag,1.8.0,master,user
6260,CreateEvent,2018-07-31 16:44:35+00:00,109449503,dwavesystems/penaltymodel,8395238,arcondello,5449030,dwavesystems,tag,core-0.15.2,master,user
6261,CreateEvent,2017-10-20 19:41:27+00:00,101324744,dwavesystems/dwave_networkx,8395238,arcondello,5449030,dwavesystems,tag,0.5.1,master,user
6290,CreateEvent,2015-12-17 11:46:47+00:00,41092776,superdesk/superdesk-core,180617,vied12,5527298,superdesk,branch,account-creation-email-message,master,user
6300,CreateEvent,2018-02-16 11:06:00+00:00,118278310,inplat/aioapp,5132609,konstantin-stepanov,5583502,inplat,tag,0.0.1b8,master,user
6324,CreateEvent,2017-07-11 17:05:34+00:00,91020334,ni/nimi-python,8085768,marcoskirsch,5598284,ni,branch,new/ou,master,user
6331,CreateEvent,2017-10-17 18:33:22+00:00,91020334,ni/nimi-python,8085768,marcoskirsch,5598284,ni,branch,restrict_add_all_function_metadata,master,user
6372,CreateEvent,2017-09-01 18:08:49+00:00,91356408,allenai/allennlp,1308313,joelgrus,5667695,allenai,branch,cache,master,user
6398,CreateEvent,2016-02-20 16:05:20+00:00,13512018,python-diamond/Diamond,1119967,bmhatfield,5668086,python-diamond,branch,revert-381-add_docker_stats_collector,master,user
6429,CreateEvent,2018-05-11 11:17:11+00:00,66922106,frictionlessdata/datapackage-pipelines,265333,akariv,5912125,frictionlessdata,tag,1.6.18,master,user
6435,CreateEvent,2015-07-10 21:03:52+00:00,27502353,CenturyLinkCloud/clc-python-sdk,7604630,hk1232,5995824,CenturyLinkCloud,branch,network,master,user
6436,CreateEvent,2016-02-24 01:52:43+00:00,52329666,Vauxoo/pstats-print2list,6644187,moylop260,5997834,Vauxoo,tag,0.1.2,master,user
6502,CreateEvent,2016-09-16 17:40:01+00:00,53344710,globus/globus-sdk-python,1300022,sirosen,6120321,globus,tag,0.3.2,master,user
6535,CreateEvent,2018-04-25 18:56:33+00:00,32090358,ethereum/pyrlp,824194,pipermerriam,6250754,ethereum,tag,v1.0.0,master,user
6540,CreateEvent,2018-06-01 21:08:28+00:00,77478378,ethereum/py-evm,824194,pipermerriam,6250754,ethereum,tag,trinity-v0.1.0-alpha.10,master,user
6675,CreateEvent,2016-10-14 13:56:09+00:00,62557211,Clinical-Genomics/housekeeper,239608,ingkebil,6412433,Clinical-Genomics,branch,add_pdc,master,user
6686,CreateEvent,2016-06-02 16:55:00+00:00,60281673,hammerlab/knnimpute,48441,iskandr,6563873,hammerlab,repository,,master,user
6689,CreateEvent,2016-01-18 16:45:16+00:00,16557526,pysam-developers/pysam,4426336,AndreasHeger,6598771,pysam-developers,branch,AH-FastqAbortsAtEmptySeq,master,user
6693,CreateEvent,2016-06-14 21:00:25+00:00,16557526,pysam-developers/pysam,4426336,AndreasHeger,6598771,pysam-developers,tag,v0.9.1,master,user
6744,CreateEvent,2018-08-09 18:29:09+00:00,53985669,elastic/elasticsearch-py-async,146550,fxdgear,6764390,elastic,tag,6.2.0,master,user
6761,CreateEvent,2017-04-28 21:11:09+00:00,51040886,Azure/azure-cli,1087595,azuresdkci,6844498,Azure,tag,azure-cli-acs-2.0.4,master,user
6825,CreateEvent,2018-03-26 21:32:07+00:00,4127088,Azure/azure-sdk-for-python,18218145,AutorestCI,6844498,Azure,branch,restapi_auto_2749,master,user
6833,CreateEvent,2018-04-12 23:00:01+00:00,4127088,Azure/azure-sdk-for-python,18218145,AutorestCI,6844498,Azure,branch,restapi_auto_2864,master,user
6857,CreateEvent,2018-01-08 19:01:57+00:00,4127088,Azure/azure-sdk-for-python,18218145,AutorestCI,6844498,Azure,branch,restapi_auto_schaabs_master,master,user
6858,CreateEvent,2018-01-31 21:48:02+00:00,4127088,Azure/azure-sdk-for-python,18218145,AutorestCI,6844498,Azure,branch,restapi_auto_consumption-fix,master,user
6865,CreateEvent,2017-12-13 21:24:10+00:00,71186377,Azure/msrestazure-for-python,1050156,lmazuel,6844498,Azure,branch,cloud_session_fix,master,user
6937,CreateEvent,2018-06-18 11:17:48+00:00,51195004,getgauge/gauge-python,8086303,gaugeci,7044589,getgauge,tag,v0.3.3,master,user
6947,CreateEvent,2017-11-08 16:48:21+00:00,13258039,aio-libs/aiohttp,356399,asvetlov,7049303,aio-libs,branch,polishing,master,user
6970,CreateEvent,2017-01-05 01:24:39+00:00,39036054,aio-libs/aioodbc,356399,asvetlov,7049303,aio-libs,branch,pyup-update-uvloop-0.7.1-to-0.7.2,master,user
6971,CreateEvent,2017-01-17 21:50:08+00:00,28932001,aio-libs/aiomysql,356399,asvetlov,7049303,aio-libs,branch,pyup-update-sqlalchemy-1.1.4-to-1.1.5,master,user
6986,CreateEvent,2017-07-16 10:10:27+00:00,51206425,aio-libs/multidict,356399,asvetlov,7049303,aio-libs,tag,v3.1.4a0,master,user
6990,CreateEvent,2017-08-02 19:54:10+00:00,75670021,aio-libs/aiomonitor,223335,jettify,7049303,aio-libs,branch,pyup-update-aiohttp-2.2.3-to-2.2.4,master,user
7013,CreateEvent,2015-08-20 18:48:35+00:00,27555781,Shoobx/pjpersist,653455,ndurell,7116344,Shoobx,branch,saved_traceback,master,user
7024,CreateEvent,2017-04-27 16:42:32+00:00,89411207,googlesamples/assistant-sdk-python,5268,proppy,7378196,googlesamples,tag,0.1.0,master,user
7153,CreateEvent,2017-11-07 13:34:15+00:00,77021566,hyperledger/indy-node,29760017,evernym-ci,7657900,hyperledger,tag,1.2.201-master,master,user
7158,CreateEvent,2017-07-13 10:10:34+00:00,77021566,hyperledger/indy-node,21102430,ashcherbakov,7657900,hyperledger,branch,fix-ujson-plenum,master,user
7225,CreateEvent,2017-06-30 09:19:00+00:00,70451850,scikit-build/scikit-ci-addons,219043,jcfr,8144855,scikit-build,tag,latest-tmp,master,user
7235,CreateEvent,2017-10-06 20:12:03+00:00,24375248,blockstack/blockstack-core,1153552,kantai,8165984,blockstack,branch,develop-single-count-dustfees,master,user
7241,CreateEvent,2015-04-26 21:10:58+00:00,7803088,pylast/pylast,1324225,hugovk,8259519,pylast,tag,0.5.11,develop,user
7253,CreateEvent,2017-07-26 15:50:17+00:00,95395370,sony/nnabla,30432405,StephenTiedemann,8435219,sony,branch,fix/20170707_binary_doc,master,user
7364,CreateEvent,2017-10-05 20:11:03+00:00,41756998,pytest-dev/pytest-xdist,1085180,nicoddemus,8897583,pytest-dev,tag,v1.20.1,master,user
7486,CreateEvent,2015-11-13 20:39:40+00:00,26516210,letsencrypt/letsencrypt,598,jmhodges,9289019,letsencrypt,branch,integration_test_dot_py,master,user
7503,CreateEvent,2017-05-01 03:29:27+00:00,26661222,tinode/chat,5938143,or-else,9325720,tinode,branch,invites,master,user
7526,CreateEvent,2018-04-13 12:55:42+00:00,63017796,Calysto/conx,168568,dsblank,9684179,Calysto,tag,v3.6.6,master,user
7575,CreateEvent,2018-02-09 17:10:07+00:00,43816051,common-workflow-language/cwltool,10351924,anton-khodak,9947495,common-workflow-language,branch,fix/concat-vf,master,user
7576,CreateEvent,2017-07-18 09:10:07+00:00,43816051,common-workflow-language/cwltool,12952080,manu-chroma,9947495,common-workflow-language,branch,open_io,master,user
7578,CreateEvent,2018-02-20 13:46:35+00:00,43816051,common-workflow-language/cwltool,1330696,mr-c,9947495,common-workflow-language,branch,add_release_testing_to_travis,master,user
7639,CreateEvent,2016-03-16 06:29:13+00:00,27610253,ubyssey/dispatch,2547035,psiemens,10091792,ubyssey,branch,hotfix-remove-built-js-libraries,develop,user
7661,CreateEvent,2017-11-08 03:49:57+00:00,28327996,py4n6/pytsk,3888750,joachimmetz,10266902,py4n6,tag,20171108,master,user
7666,CreateEvent,2016-02-01 20:07:10+00:00,46293472,Backblaze/B2_Command_Line_Tool,603739,bwbeach,10283486,Backblaze,branch,unit_test2,master,user
7674,CreateEvent,2018-05-11 02:50:56+00:00,14284859,marshmallow-code/marshmallow,2379650,sloria,10334301,marshmallow-code,tag,3.0.0b10,dev,user
7675,CreateEvent,2017-12-02 23:08:36+00:00,14284859,marshmallow-code/marshmallow,2379650,sloria,10334301,marshmallow-code,tag,2.15.0,dev,user
7745,CreateEvent,2017-11-08 03:36:25+00:00,66823715,intel-analytics/BigDL,1297418,yiheng,10941215,intel-analytics,tag,v0.3.0,master,user
7796,CreateEvent,2017-12-20 00:23:27+00:00,53442595,globality-corp/microcosm-flask,477722,jessemyers,11172782,globality-corp,branch,feature/multipart-upload,develop,user
7797,CreateEvent,2017-01-30 19:45:11+00:00,53442595,globality-corp/microcosm-flask,477937,wheremiah,11172782,globality-corp,tag,0.52.6,develop,user
7871,CreateEvent,2018-04-16 00:38:51+00:00,36734957,ow2-proactive/proactive-python-client,12379036,activeeon-bot,11553998,ow2-proactive,branch,8.1.0-SNAPSHOT,master,user
7928,CreateEvent,2018-02-01 20:07:04+00:00,99273369,NeurodataWithoutBorders/pynwb,32185786,nwb-bot,12140348,NeurodataWithoutBorders,tag,latest,dev,user
7943,CreateEvent,2017-05-16 08:07:59+00:00,39268745,data-8/datascience,10746770,adnanhemani,12195212,data-8,branch,move_to_end_int_labels,master,user
7992,CreateEvent,2016-09-19 19:32:09+00:00,37496521,nteract/nteract,836375,rgbkrk,12401040,nteract,branch,revert-796-css_fix,master,user
8012,CreateEvent,2017-03-26 22:24:40+00:00,36358216,angr/cle,3453847,zardus,12520807,angr,branch,pr36-rebased,master,user
8021,CreateEvent,2017-02-14 07:43:33+00:00,40328394,angr/angr,13377119,Lukas-Dresel,12520807,angr,branch,afl_exploration_strategy_dev,master,user
8033,CreateEvent,2018-02-01 00:28:01+00:00,13027352,angr/pyvex,3453847,zardus,12520807,angr,branch,fix/zerodivision,master,user
8056,CreateEvent,2015-11-02 21:38:00+00:00,18188537,dronekit/dronekit-python,12703357,tcr3dr,12973369,dronekit,branch,tcr-baud,master,user
8078,CreateEvent,2015-08-11 22:08:39+00:00,16469697,mps-youtube/mps-youtube,2263150,ids1024,12987682,mps-youtube,branch,334debug,develop,user
8096,CreateEvent,2018-03-02 18:47:21+00:00,14749846,pytroll/trollimage,1828519,davidh-ssec,13004956,pytroll,branch,feature-float-geotiffs,master,user
8117,CreateEvent,2017-09-26 12:36:34+00:00,87462386,Cobliteam/cassandra-migrate,747342,danielkza,13139517,Cobliteam,tag,0.2.4,master,user
8137,CreateEvent,2016-02-02 13:43:50+00:00,43645564,ganga-devs/ganga,1102021,rob-c,13271048,ganga-devs,branch,bugfix/fixPublisherProblems,develop,user
8173,CreateEvent,2017-03-03 16:31:55+00:00,31315021,Kinto/kinto,546692,leplatrem,13413813,Kinto,branch,upgrade-kinto-admin,master,user
8207,CreateEvent,2017-12-16 20:43:18+00:00,50338739,mpg-age-bioinformatics/AGEpy,7725685,jorgeboucas,13747837,mpg-age-bioinformatics,tag,0.6.0,master,user
8226,CreateEvent,2017-01-02 13:46:30+00:00,39663289,4Catalyzer/flask-resty,697647,itajaja,13967986,4Catalyzer,branch,itajaja-patch-1,master,user
8300,CreateEvent,2016-10-20 18:13:01+00:00,43852872,PulpQE/pulp-smash,1012989,Ichimonji10,14839747,PulpQE,tag,2016.10.20,master,user
8305,CreateEvent,2017-06-08 17:53:53+00:00,43852872,PulpQE/pulp-smash,1012989,Ichimonji10,14839747,PulpQE,tag,2017.06.08,master,user
8310,CreateEvent,2017-05-11 19:43:41+00:00,43852872,PulpQE/pulp-smash,1012989,Ichimonji10,14839747,PulpQE,tag,2017.05.12,master,user
8349,CreateEvent,2017-11-15 07:29:16+00:00,43056951,graphql-python/graphene,188257,syrusakbary,15002022,graphql-python,tag,v2.0.1,master,user
8376,CreateEvent,2016-12-15 23:17:45+00:00,56172725,splitio/python-client,435374,sarrubia,15094262,splitio,branch,impression-labels,master,user
8640,CreateEvent,2017-07-01 00:54:09+00:00,51442999,python-cmd2/cmd2,2812720,tleonhardt,17161025,python-cmd2,branch,refactoring,master,user
8653,CreateEvent,2016-07-26 15:49:51+00:00,64231604,aetros/aetros-cli,450980,marcj,17340113,aetros,branch,master,master,user
8705,CreateEvent,2016-10-10 13:39:02+00:00,63442716,canonical-ols/talisker,1042,bloodearnest,17836138,canonical-ols,tag,v0.6.6,master,user
8707,CreateEvent,2017-05-31 21:43:17+00:00,63442716,canonical-ols/talisker,1042,bloodearnest,17836138,canonical-ols,branch,py36-requests-fix,master,user
8709,CreateEvent,2016-11-01 13:21:29+00:00,63442716,canonical-ols/talisker,1042,bloodearnest,17836138,canonical-ols,branch,dummy-statsd,master,user
8804,CreateEvent,2017-04-07 07:54:45+00:00,59003829,zalando-incubator/senza-base-template,339913,alexeyklyukin,18533786,zalando-incubator,branch,feature/re-introduce-scalyr,master,user
8805,CreateEvent,2016-06-03 08:37:27+00:00,59003829,zalando-incubator/senza-base-template,339913,alexeyklyukin,18533786,zalando-incubator,tag,v1.3,master,user
8814,CreateEvent,2017-10-26 19:02:33+00:00,58776721,googledatalab/pydatalab,13439553,qimingj,18582876,googledatalab,branch,ml,master,user
8912,CreateEvent,2018-04-09 14:13:01+00:00,120933363,gisaia/ARLAS-server,1308867,sfalquier,20204404,gisaia,branch,imp/transport-client-nodes-conf,develop,user
8929,CreateEvent,2016-12-08 14:05:13+00:00,37137879,QCoDeS/Qcodes,2694199,giulioungaretti,20478252,QCoDeS,branch,develop,master,user
8996,CreateEvent,2017-08-31 11:01:21+00:00,101991658,SOBotics/Botpy,12422882,Fortunate-MAN,21141173,SOBotics,branch,master,master,user
9007,CreateEvent,2016-08-28 16:26:03+00:00,66776276,python-social-auth/social-core,91022,omab,21279195,python-social-auth,branch,master,master,user
9016,CreateEvent,2017-08-09 09:40:30+00:00,96895584,sovrin-foundation/sovrin,29760017,evernym-ci,22057628,sovrin-foundation,tag,1.0.1-hold-test,master,user
9118,CreateEvent,2017-01-24 19:07:48+00:00,68402336,streamlink/streamlink,6422176,cdrage,22243823,streamlink,tag,0.3.0,master,user
9160,CreateEvent,2017-05-20 21:31:18+00:00,68376693,pybel/pybel,5069736,cthoyt,22892058,pybel,tag,v0.5.7,develop,user
9173,CreateEvent,2018-02-02 15:44:16+00:00,112223005,4dn-dcic/utils,19821645,carlvitzthum,23222469,4dn-dcic,branch,search_metadata,master,user
9193,CreateEvent,2018-01-23 22:32:38+00:00,75509161,limix/pandas-plink,514522,horta,24399766,limix,tag,1.2.23,master,user
9195,CreateEvent,2017-06-22 23:44:58+00:00,94411480,limix/bgen-reader-py,514522,Horta,24399766,limix,tag,0.1.0,master,user
9206,CreateEvent,2017-05-29 23:23:56+00:00,77054015,KE-works/pykechain,1391724,jberends,24698346,KE-works,branch,pyup-update-requests-2.16.5-to-2.17.3,master,user
9209,CreateEvent,2018-01-24 14:25:58+00:00,77054015,KE-works/pykechain,1391724,jberends,24698346,KE-works,branch,260-suppress_kevents-on-create-part,master,user
9279,CreateEvent,2018-07-08 15:37:19+00:00,99720153,KrishnaswamyLab/scprep,8499679,scottgigante,26941417,KrishnaswamyLab,tag,v0.3.0,master,user
9286,CreateEvent,2017-10-17 18:24:09+00:00,4087724,dedupeio/dedupe,14170650,jeancochrane,27521766,dedupeio,branch,doc-header-links,master,user
9288,CreateEvent,2017-07-30 08:05:21+00:00,37549137,python-windrose/windrose,109167,scls19fr,28726174,python-windrose,tag,1.7.0,master,user
9299,CreateEvent,2018-03-08 04:56:50+00:00,71948498,localstack/localstack,2807888,whummer,28732122,localstack,branch,fix/s3-content-type-and-notif,master,user
9306,CreateEvent,2017-06-05 02:44:43+00:00,92532997,Python-Tools/pmfp,7850148,hsz1273327,28868732,Python-Tools,tag,0.1.22,master,user
9309,CreateEvent,2018-07-10 08:14:25+00:00,120178010,resonai/ybt,290943,itamaro,29039874,resonai,branch,pyproto-test,master,user
9365,CreateEvent,2018-06-02 10:11:27+00:00,60626727,tensorlayer/tensorlayer,10923599,DEKHTIARJonathan,32261543,tensorlayer,tag,0.1.0,master,user
9376,CreateEvent,2017-10-21 18:15:52+00:00,49414256,PyPSA/PyPSA,8791634,nworbmot,32890768,PyPSA,tag,v0.11.0,master,user
9390,CreateEvent,2018-03-23 05:37:39+00:00,95067884,pyecharts/pyecharts,9875406,kinegratii,34701774,pyecharts,branch,coordinates_enhance,master,user
9399,CreateEvent,2018-02-12 18:28:27+00:00,118933991,radis/radis,16088743,erwanp,35809936,radis,tag,0.1.3,master,user
9420,CreateEvent,2018-08-29 17:39:28+00:00,65238442,foremast/foremast,590663,e4r7hbug,39923875,foremast,tag,v3.51.4,master,user
9421,CreateEvent,2018-08-29 06:34:54+00:00,142971238,Parquery/icontract,5072771,mristin,40167204,Parquery,tag,v1.3.0,master,user
