,type,created_at,repo_id,repo_name,actor_id,actor_login,org_id,org_login
8,ForkEvent,2016-05-06 19:00:05+00:00,8387179,uiri/toml,59292,nikolas,,
14,ForkEvent,2017-08-08 04:04:41+00:00,25983331,fnl/segtok,1696740,theq629,,
48,ForkEvent,2015-05-26 14:23:16+00:00,4686401,myint/yolk,4366781,michael-yin,,
60,ForkEvent,2017-09-09 15:36:04+00:00,72066935,cs01/gdbgui,31589296,msaray818,,
74,ForkEvent,2016-09-13 02:45:04+00:00,48198706,dschep/ntfy,20333314,vikipretium,,
80,ForkEvent,2017-07-26 01:01:35+00:00,6007295,fxsjy/jieba,10877486,queryDuan,,
82,ForkEvent,2017-11-08 03:33:39+00:00,6007295,fxsjy/jieba,14924036,hyqdido,,
84,ForkEvent,2016-06-13 01:05:52+00:00,6007295,fxsjy/jieba,18603777,chengka7,,
86,ForkEvent,2015-12-28 01:21:13+00:00,6007295,fxsjy/jieba,14243553,terrytong0876,,
96,ForkEvent,2017-05-15 09:36:27+00:00,6007295,fxsjy/jieba,20251048,willdodo,,
100,ForkEvent,2018-08-05 11:15:51+00:00,6007295,fxsjy/jieba,16715942,2648124660,,
105,ForkEvent,2018-01-12 05:38:24+00:00,6007295,fxsjy/jieba,1862693,d2much,,
110,ForkEvent,2017-08-12 11:39:28+00:00,6007295,fxsjy/jieba,29935453,flyteaasd,,
123,ForkEvent,2017-09-21 00:11:24+00:00,65468547,jd/tenacity,31527567,chessybo,,
140,ForkEvent,2017-10-12 16:21:10+00:00,4946406,mher/flower,414933,pzelnip,,
151,ForkEvent,2018-01-27 07:38:13+00:00,207623,rwl/PYPOWER,35596706,huangjp725,,
195,ForkEvent,2017-11-25 02:40:33+00:00,38900806,aleju/imgaug,1420544,Zocdoc,,
196,ForkEvent,2017-09-16 12:34:06+00:00,38900806,aleju/imgaug,12696438,gexiaojiang,,
218,ForkEvent,2017-03-18 10:46:53+00:00,44054354,dabeaz/curio,5417297,zmyer,,
240,ForkEvent,2018-08-17 20:58:55+00:00,6662075,joke2k/faker,34084460,blooditrix,,
279,ForkEvent,2015-08-09 10:11:06+00:00,33614304,nvbn/thefuck,3584877,liuxueyang,,
314,ForkEvent,2016-12-28 11:46:09+00:00,33614304,nvbn/thefuck,7425577,Albinzr,,
325,ForkEvent,2015-08-25 02:28:34+00:00,33614304,nvbn/thefuck,11495150,YiZhongJin,,
335,ForkEvent,2016-06-15 13:21:07+00:00,33614304,nvbn/thefuck,6352329,rishabhjain30,,
336,ForkEvent,2016-03-13 21:09:23+00:00,33614304,nvbn/thefuck,17510346,nagymo,,
344,ForkEvent,2015-11-30 09:26:46+00:00,33614304,nvbn/thefuck,4946759,lianwen90,,
347,ForkEvent,2017-09-07 13:59:44+00:00,57714220,rabitt/pysox,302318,ideoforms,,
354,ForkEvent,2016-02-04 07:45:02+00:00,14900247,skoczen/will,3223609,wilk1234,,
380,ForkEvent,2018-03-19 21:51:51+00:00,77868600,benjaminp/six,364682,jocke-l,,
404,ForkEvent,2017-09-02 10:09:54+00:00,6810140,gleitz/howdoi,8290983,loovjo,,
415,ForkEvent,2015-08-08 07:53:11+00:00,888710,jlhutch/pylru,819437,adamwight,,
426,ForkEvent,2017-04-18 23:23:32+00:00,17984636,lebinh/ngxtop,11453650,Art-Man,,
436,ForkEvent,2017-02-08 21:11:00+00:00,32309114,mbj4668/pyang,11969274,jabelk,,
440,ForkEvent,2017-01-11 03:23:51+00:00,27806545,mewwts/addict,14294033,ag027592,,
469,ForkEvent,2017-11-03 11:22:53+00:00,22937749,rasbt/mlxtend,20909362,matsavage,,
480,ForkEvent,2017-03-20 14:52:23+00:00,507903,wharris/esmre,12162082,ThomsonReuters-LSPS,,
486,ForkEvent,2017-12-18 22:15:24+00:00,3502340,Anorov/PySocks,120658,rianhunter,,
493,ForkEvent,2017-09-24 00:48:22+00:00,15938073,JelteF/PyLaTeX,3202037,hugombarreto,,
508,ForkEvent,2015-11-29 02:23:20+00:00,17066884,binux/pyspider,11622076,codepython,,
510,ForkEvent,2017-03-10 13:25:19+00:00,17066884,binux/pyspider,16591232,rory7,,
511,ForkEvent,2015-03-29 16:39:17+00:00,17066884,binux/pyspider,10118018,Paul-Hoo,,
513,ForkEvent,2016-01-13 00:06:33+00:00,17066884,binux/pyspider,1038801,xshwy,,
517,ForkEvent,2016-11-29 12:43:49+00:00,17066884,binux/pyspider,12029032,wishzhouhe,,
518,ForkEvent,2015-03-09 09:27:44+00:00,17066884,binux/pyspider,6212440,Brother-Simon,,
520,ForkEvent,2017-08-01 22:43:09+00:00,17066884,binux/pyspider,12191917,Borgio,,
524,ForkEvent,2015-01-13 17:49:33+00:00,17066884,binux/pyspider,6690439,lmbprogramme,,
537,ForkEvent,2015-03-05 04:48:25+00:00,17066884,binux/pyspider,11239677,finallybiubiu,,
573,ForkEvent,2018-04-16 09:06:03+00:00,16331291,davisking/dlib,29745346,yuxiaotao1,,
589,ForkEvent,2018-04-03 06:18:27+00:00,125806243,hankcs/pyhanlp,5896703,flysky1991,,
591,ForkEvent,2017-12-17 03:13:11+00:00,15532991,houtianze/bypy,6329794,heshengyahuai,,
595,ForkEvent,2017-01-04 09:03:12+00:00,15532991,houtianze/bypy,8175573,lcgogo,,
601,ForkEvent,2018-08-27 02:50:01+00:00,15532991,houtianze/bypy,18298469,StormFeng,,
640,ForkEvent,2018-08-04 01:34:16+00:00,11745275,mikedh/trimesh,35857702,zy20091082,,
641,ForkEvent,2018-05-10 13:50:08+00:00,11745275,mikedh/trimesh,4180857,drewsherlock,,
655,ForkEvent,2015-12-15 17:13:28+00:00,3299505,nvawda/bz2file,76932,heni,,
665,ForkEvent,2016-02-03 22:20:14+00:00,30015633,phaethon/scapy,6045753,bgpat,,
680,ForkEvent,2017-06-12 19:56:04+00:00,41076741,sibson/redbeat,4016897,concreted,,
681,ForkEvent,2017-10-20 09:43:42+00:00,41076741,sibson/redbeat,14147509,lpx15312,,
693,ForkEvent,2016-05-01 20:18:35+00:00,913279,tkrajina/gpxpy,242342,offspring,,
698,ForkEvent,2016-10-24 12:09:27+00:00,23851495,virtuald/pyhcl,2961969,placydo,,
721,ForkEvent,2015-11-03 18:27:38+00:00,28558048,benEnsta/pyIbex,5330677,ThomasLeMezo,,
724,ForkEvent,2017-09-29 12:56:36+00:00,10027254,benhoyt/scandir,24731903,segevfiner,,
729,ForkEvent,2018-07-11 13:33:19+00:00,33696562,bmabey/pyLDAvis,20096560,jlee24282,,
747,ForkEvent,2015-03-31 23:47:44+00:00,10155460,dbader/schedule,11045453,alecrabbit,,
752,ForkEvent,2018-08-24 12:39:04+00:00,10155460,dbader/schedule,42497632,Arby98,,
757,ForkEvent,2017-07-21 20:22:20+00:00,10155460,dbader/schedule,29899080,onyxim,,
774,ForkEvent,2017-02-06 14:48:29+00:00,34606437,gkbrk/slowloris,7033554,badadiss,,
796,ForkEvent,2017-11-04 05:48:50+00:00,14715502,isnowfy/snownlp,3435367,shihuaxing,,
812,ForkEvent,2015-04-16 20:49:23+00:00,4477733,kevin1024/vcrpy,130599,stevehansell,,
819,ForkEvent,2017-03-25 16:25:21+00:00,27283062,ktbyers/netmiko,7875777,fooelisa,,
834,ForkEvent,2015-04-10 15:53:58+00:00,8307391,mahmoud/boltons,2084538,carlozamagni,,
860,ForkEvent,2017-03-29 21:33:12+00:00,11380094,msiemens/tinydb,8340978,yuyobit,,
870,ForkEvent,2017-06-23 09:50:21+00:00,46593500,rasbt/biopandas,8875533,DominiqueMakowski,,
883,ForkEvent,2018-06-18 23:42:28+00:00,48203815,sirfz/tesserocr,12175712,lglassy2,,
886,ForkEvent,2015-06-04 02:09:55+00:00,11075275,sloria/TextBlob,6316171,ChenglongChen,,
932,ForkEvent,2018-05-24 08:30:47+00:00,13698035,IanHarvey/bluepy,537373,yushb0602,,
940,ForkEvent,2016-04-21 12:17:48+00:00,4721228,PyYoshi/cChardet,3898497,chomechome,,
944,ForkEvent,2018-02-06 07:55:03+00:00,21051077,ahknight/httpsig,1411649,cgascoig,,
946,ForkEvent,2017-09-15 17:54:58+00:00,87262342,astorfi/speechpy,5009647,winnerineast,,
949,ForkEvent,2017-12-11 17:15:03+00:00,87262342,astorfi/speechpy,6050612,cilsat,,
954,ForkEvent,2017-08-24 13:24:20+00:00,9923468,boppreh/keyboard,25609202,softuser25,,
979,ForkEvent,2016-05-30 14:32:43+00:00,3489194,davidhalter/jedi,414105,nakamuray,,
1002,ForkEvent,2018-04-18 23:14:29+00:00,1541957,ekalinin/nodeenv,584167,Tafhim,,
1007,ForkEvent,2015-12-02 02:13:23+00:00,10589864,eliben/pycparser,7324335,betterboy,,
1008,ForkEvent,2017-09-07 01:51:35+00:00,10589864,eliben/pycparser,1449387,bmcorser,,
1012,ForkEvent,2018-01-31 18:00:02+00:00,115556788,floyernick/fleep,6154870,rrzaripov,,
1016,ForkEvent,2017-09-30 15:16:41+00:00,20101515,giampaolo/psutil,16481877,abuisa,,
1023,ForkEvent,2017-05-17 07:40:51+00:00,20101515,giampaolo/psutil,10717563,gjr80,,
1026,ForkEvent,2017-11-21 06:20:32+00:00,20101515,giampaolo/psutil,19239922,Archerzlt,,
1065,ForkEvent,2018-04-20 07:11:49+00:00,8313091,miso-belica/sumy,8359645,vigneshkalai,,
1104,ForkEvent,2018-05-24 10:19:41+00:00,1678618,saffsd/langid.py,35588057,lokanath1986,,
1126,ForkEvent,2018-04-13 14:36:42+00:00,58374888,wkentaro/labelme,16603493,imageliu,,
1165,ForkEvent,2018-01-06 14:15:21+00:00,41179827,Rapptz/discord.py,34808802,MATTYGILO,,
1172,ForkEvent,2016-03-01 02:54:39+00:00,41179827,Rapptz/discord.py,2487187,prefectsix,,
1184,ForkEvent,2016-02-13 12:07:05+00:00,41725089,almarklein/visvis,11385780,gomop,,
1194,ForkEvent,2018-07-11 22:13:38+00:00,3208919,cenkalti/putio.py,24942169,canelma,,
1227,ForkEvent,2016-04-18 10:44:24+00:00,46906439,diafygi/acme-tiny,12697592,youyou2018,,
1243,ForkEvent,2018-03-17 01:09:03+00:00,10575335,eliben/pyelftools,903389,123swk123,,
1244,ForkEvent,2015-12-24 16:56:40+00:00,10575335,eliben/pyelftools,1828984,echodaemon,,
1282,ForkEvent,2015-06-02 15:26:24+00:00,2822459,jeanphix/Ghost.py,3709715,cclauss,,
1301,ForkEvent,2015-10-26 20:05:17+00:00,27474796,ludbek/webpreview,9509980,borisuvarov,,
1366,ForkEvent,2017-01-23 12:52:37+00:00,2909429,nicolargo/glances,3225320,biwhite,,
1380,ForkEvent,2016-05-16 09:45:19+00:00,25334762,pipermerriam/flex,6079729,bmlis,,
1383,ForkEvent,2017-03-30 02:22:52+00:00,78548891,rm-hull/luma.core,3740007,sgjava,,
1394,ForkEvent,2015-01-09 15:13:44+00:00,29014682,rocky/pycolumnize,305268,msabramo,,
1410,ForkEvent,2018-07-16 06:49:11+00:00,42625970,tzutalin/labelImg,25102200,zwy4896,,
1411,ForkEvent,2018-07-25 06:17:34+00:00,42625970,tzutalin/labelImg,19248512,gds101054108,,
1413,ForkEvent,2018-05-15 16:59:09+00:00,42625970,tzutalin/labelImg,2631417,ljjyxz123,,
1414,ForkEvent,2018-01-09 05:37:42+00:00,42625970,tzutalin/labelImg,32976944,qbqandyxq,,
1416,ForkEvent,2018-04-18 13:13:06+00:00,42625970,tzutalin/labelImg,11783457,polaroidkidd,,
1436,ForkEvent,2015-03-08 11:44:06+00:00,1938370,Mottie/tablesorter,564906,krsiakdaniel,,
1464,ForkEvent,2017-05-12 09:21:52+00:00,12366195,danielfrg/word2vec,28019303,RuiMao1988,,
1465,ForkEvent,2017-04-25 01:26:14+00:00,12366195,danielfrg/word2vec,27670432,hbtech-ai,,
1469,ForkEvent,2016-10-27 08:01:34+00:00,12366195,danielfrg/word2vec,2182087,hengcai,,
1471,ForkEvent,2018-03-15 08:17:25+00:00,12366195,danielfrg/word2vec,9455629,skywindy,,
1494,ForkEvent,2018-02-15 13:32:54+00:00,16653581,jmcarp/robobrowser,5349422,decolnz,,
1501,ForkEvent,2017-11-24 15:55:43+00:00,2280086,kennethreitz/envoy,10345204,page1990,,
1521,ForkEvent,2018-06-16 00:17:55+00:00,137326189,mikeyy/nonoCAPTCHA,3709715,cclauss,,
1532,ForkEvent,2016-11-11 07:52:55+00:00,1316096,ponty/pyscreenshot,3684187,onyb,,
1547,ForkEvent,2017-08-18 12:26:24+00:00,26627596,robertlugg/easygui,10162120,lt94,,
1554,ForkEvent,2017-12-16 02:53:06+00:00,5806020,rueckstiess/mtools,1088433,ryandavis84,,
1624,ForkEvent,2018-04-16 20:35:45+00:00,65155092,ClimbsRocks/auto_ml,22530228,LoneKnightz,,
1638,ForkEvent,2018-03-10 03:28:32+00:00,33266451,JimmXinu/FanFicFare,1429103,cryzed,,
1666,ForkEvent,2017-07-04 12:27:41+00:00,6536534,amueller/word_cloud,29865976,mattBStoryStream,,
1671,ForkEvent,2017-11-22 15:19:52+00:00,6536534,amueller/word_cloud,12750343,helwardany,,
1677,ForkEvent,2018-03-03 15:04:41+00:00,6536534,amueller/word_cloud,19255079,Eliyastar,,
1686,ForkEvent,2015-10-29 08:32:03+00:00,11746687,barseghyanartur/tld,4356464,pablotebb,,
1688,ForkEvent,2017-08-02 22:02:27+00:00,5776030,bear/python-twitter,30075453,belavadi,,
1693,ForkEvent,2016-04-13 23:00:50+00:00,5776030,bear/python-twitter,17082169,ycbaek,,
1741,ForkEvent,2017-12-01 18:10:57+00:00,80053206,joanvila/aioredlock,7431080,OpenWhere,,
1745,ForkEvent,2015-03-22 00:59:18+00:00,32138266,jrfonseca/gprof2dot,5477298,intermezzo-fr,,
1766,ForkEvent,2016-05-04 12:00:02+00:00,27434828,klen/peewee_migrate,1695400,jjyr,,
1828,ForkEvent,2016-03-13 01:19:54+00:00,5754504,sivel/speedtest-cli,9409285,dflan,,
1834,ForkEvent,2016-01-23 12:19:53+00:00,5754504,sivel/speedtest-cli,1982201,laszlomenyhart,,
1837,ForkEvent,2018-01-10 22:26:46+00:00,5754504,sivel/speedtest-cli,3727848,RobertoBalducci,,
1842,ForkEvent,2018-03-21 01:48:30+00:00,124682643,stared/livelossplot,22631522,duke24k,,
1862,ForkEvent,2017-02-27 18:15:28+00:00,60500596,vsajip/python-gnupg,5099917,MaharishiCanada,,
1891,ForkEvent,2016-02-01 23:23:38+00:00,15516057,Miserlou/SoundScrape,1455356,chadq,,
1896,ForkEvent,2017-04-14 07:18:59+00:00,24736750,PiotrDabkowski/Js2Py,12673480,divadres,,
1946,ForkEvent,2018-02-17 05:59:46+00:00,2051226,eligrey/FileSaver.js,33472382,rouismia,,
1947,ForkEvent,2015-09-26 09:35:58+00:00,2051226,eligrey/FileSaver.js,1169170,eilvein,,
1950,ForkEvent,2018-08-29 11:39:42+00:00,2051226,eligrey/FileSaver.js,42729339,sayfaru,,
1951,ForkEvent,2017-12-12 04:11:57+00:00,2051226,eligrey/FileSaver.js,28775616,CZDonald,,
1954,ForkEvent,2015-11-26 05:36:05+00:00,2051226,eligrey/FileSaver.js,12669277,mikiec84,,
1956,ForkEvent,2017-05-28 17:28:34+00:00,2051226,eligrey/FileSaver.js,1806601,mehdihaddad,,
1958,ForkEvent,2018-07-23 12:29:37+00:00,124651632,etingof/apacheconfig,5331869,HorlogeSkynet,,
1966,ForkEvent,2016-03-15 04:09:11+00:00,31238265,jdfreder/jupyter-pip,1378193,hbcbh1999,,
1971,ForkEvent,2017-05-13 21:58:47+00:00,29987631,jeongyoonlee/Kaggler,19823440,oussamaErra,,
1977,ForkEvent,2018-04-13 04:00:50+00:00,7433211,jmcnamara/XlsxWriter,9276616,MCZHNTTHXQ,,
1984,ForkEvent,2016-08-01 06:21:36+00:00,8699905,jrief/django-angular,896304,lumberjack85,,
2006,ForkEvent,2018-06-27 14:17:39+00:00,28452637,kennethreitz/records,4580133,tyong920,,
2016,ForkEvent,2018-08-09 14:23:51+00:00,69691394,kragniz/python-etcd3,35254900,blockspacer,,
2020,ForkEvent,2015-06-23 14:17:24+00:00,2069170,kraiz/django-crontab,3066200,Yingmin-Li,,
2036,ForkEvent,2017-10-07 20:47:00+00:00,70314805,kyuupichan/electrumx,30296511,endlessloop2,,
2045,ForkEvent,2018-03-01 06:17:33+00:00,49935814,littlecodersh/ItChat,32977540,apifamily,,
2052,ForkEvent,2018-02-27 15:50:02+00:00,49935814,littlecodersh/ItChat,36891049,fangchencode,,
2055,ForkEvent,2017-06-24 10:30:42+00:00,49935814,littlecodersh/ItChat,4654713,chenTest2013,,
2057,ForkEvent,2017-06-18 09:07:48+00:00,49935814,littlecodersh/ItChat,12180129,hokhyk,,
2060,ForkEvent,2016-10-25 03:06:57+00:00,49935814,littlecodersh/ItChat,736443,hilllinux,,
2072,ForkEvent,2015-07-14 15:43:59+00:00,120894,michaeljones/breathe,1690697,kirbyfan64,,
2091,ForkEvent,2016-09-01 08:03:31+00:00,56966781,rahiel/telegram-send,704821,Ahuge,,
2121,ForkEvent,2017-11-11 10:51:54+00:00,4978835,ulfalizer/Kconfiglib,12136138,Fabien-Chouteau,,
2130,ForkEvent,2018-05-22 02:06:04+00:00,12189834,xiaocong/uiautomator,15904575,vmorgen,,
2137,ForkEvent,2016-03-20 01:29:28+00:00,8557809,FGRibreau/mailchecker,396537,gierschv,,
2168,ForkEvent,2016-06-10 13:17:53+00:00,55726369,bennylope/pydiscourse,2891076,msfernandes,,
2173,ForkEvent,2017-12-19 23:14:45+00:00,28109092,bspaans/python-mingus,11224979,khmurakami,,
2175,ForkEvent,2017-10-17 21:11:14+00:00,7320254,cgoldberg/sauceclient,54372,saluk,,
2183,ForkEvent,2016-05-04 21:05:46+00:00,56205721,davidchua/pymessenger,2701572,hayk91,,
2188,ForkEvent,2017-03-22 20:37:10+00:00,18868662,dsoprea/PyEasyArchive,8573901,sangoma,,
2207,ForkEvent,2017-11-19 08:49:18+00:00,65250725,glitchassassin/lackey,30071023,YusukeFujiwara,,
2220,ForkEvent,2017-04-22 05:34:51+00:00,24561828,gunthercox/ChatterBot,20424821,praviki,,
2225,ForkEvent,2018-07-25 06:43:21+00:00,24561828,gunthercox/ChatterBot,17263812,wangshaoboxy,,
2264,ForkEvent,2017-05-01 11:56:26+00:00,58594760,johnwheeler/flask-ask,25569117,mc51,,
2273,ForkEvent,2018-04-13 18:45:56+00:00,67506799,lukaskubis/darkskylib,1046227,shakefu,,
2277,ForkEvent,2016-05-20 14:06:55+00:00,4053456,martinblech/xmltodict,2600471,blasrodri,,
2288,ForkEvent,2017-09-14 05:43:40+00:00,52575367,nficano/python-lambda,29039898,biroc,,
2301,ForkEvent,2018-03-22 12:06:42+00:00,90356012,orsinium/textdistance,3055660,Inokenty90,,
2323,ForkEvent,2018-01-23 11:17:03+00:00,47453302,shidenggui/easytrader,5510301,jary163,,
2326,ForkEvent,2017-02-10 23:06:58+00:00,2714486,sontek/pyramid_celery,1361385,igorraush,,
2330,ForkEvent,2017-06-28 02:30:18+00:00,48577387,taraslayshchuk/es2csv,21142558,huizyh,,
2332,ForkEvent,2018-06-17 01:56:42+00:00,58070676,thombashi/sqlitebiter,447517,antialias,,
2363,ForkEvent,2016-04-11 07:43:06+00:00,2276892,warner/python-ed25519,3628862,alex-bender,,
2378,ForkEvent,2018-05-03 08:17:12+00:00,17410607,GeospatialPython/pyshp,2831683,snow31450588,,
2385,ForkEvent,2015-11-29 10:04:12+00:00,40091806,andosa/treeinterpreter,11831178,janrygl,,
2390,ForkEvent,2015-06-01 01:37:07+00:00,26765830,cjhutto/vaderSentiment,9496289,joshzyj,,
2395,ForkEvent,2018-01-09 14:38:03+00:00,44057019,constverum/ProxyBroker,3884084,melodous,,
2407,ForkEvent,2017-09-18 21:12:11+00:00,19833078,elbuo8/sendgrid-django,31579448,jayhale,,
2442,ForkEvent,2017-06-23 03:22:01+00:00,10102813,lepture/flask-oauthlib,8632126,tpandit,,
2495,ForkEvent,2017-05-21 18:55:42+00:00,6171273,KennethWilke/PingdomLib,28770330,Python3pkg,,
2528,ForkEvent,2016-03-06 21:27:58+00:00,31670200,ajdavis/mongo-mockup-db,1649603,onovy,,
2537,ForkEvent,2017-12-15 19:37:48+00:00,18450966,blacktop/virustotal-api,1274368,leadZERO,,
2553,ForkEvent,2017-03-17 22:44:22+00:00,27844645,dunovank/jupyter-themes,24577131,yikkin,,
2570,ForkEvent,2016-09-29 14:01:08+00:00,36964309,jantman/awslimitchecker,1210431,jimmyraywv,,
2591,ForkEvent,2017-05-13 12:23:55+00:00,9376661,lorenzofox3/Smart-Table,3872969,Eygle,,
2614,ForkEvent,2011-06-20 20:59:32+00:00,1060073,omab/django-social-auth,89607,fcurella,,
2622,ForkEvent,2015-07-09 11:39:14+00:00,7133153,omab/python-social-auth,119215,ruiking,,
2625,ForkEvent,2015-08-26 15:50:31+00:00,7133153,omab/python-social-auth,13984138,mohitkiller,,
2628,ForkEvent,2018-08-31 05:27:48+00:00,15966619,paradoxxxzero/butterfly,22285003,Litagano,,
2660,ForkEvent,2018-01-23 21:30:31+00:00,32296825,CamDavidsonPilon/tdigest,12429626,decastro-alex,,
2662,ForkEvent,2015-04-08 14:37:48+00:00,2234715,JonathanSalwan/ROPgadget,10269230,ThomasKing2014,,
2691,ForkEvent,2015-01-08 16:15:55+00:00,876835,dcramer/django-uuidfield,324392,bendavis78,,
2715,ForkEvent,2018-03-30 15:01:50+00:00,31543771,hongtaocai/googlefinance,13657835,patrickbss,,
2797,ForkEvent,2018-01-09 08:10:08+00:00,83844720,ageitgey/face_recognition,10474971,leesinfook2015,,
2813,ForkEvent,2018-01-30 05:52:14+00:00,83844720,ageitgey/face_recognition,1154598,ray-dong,,
2815,ForkEvent,2017-09-13 08:30:47+00:00,83844720,ageitgey/face_recognition,7899459,ztwe,,
2816,ForkEvent,2017-11-03 10:04:51+00:00,83844720,ageitgey/face_recognition,771721,oskycar,,
2819,ForkEvent,2017-07-29 05:12:10+00:00,83844720,ageitgey/face_recognition,24571737,augustand,,
2827,ForkEvent,2018-06-02 18:36:45+00:00,83844720,ageitgey/face_recognition,9404502,ozgurbircan,,
2830,ForkEvent,2018-05-31 07:27:22+00:00,83844720,ageitgey/face_recognition,24219758,ChuckGithub,,
2833,ForkEvent,2018-01-14 02:24:08+00:00,83844720,ageitgey/face_recognition,34832250,ljc44,,
2836,ForkEvent,2018-01-12 03:23:15+00:00,83844720,ageitgey/face_recognition,25942191,Dreaming-world,,
2837,ForkEvent,2017-08-04 12:49:48+00:00,83844720,ageitgey/face_recognition,25194154,JangoAI,,
2838,ForkEvent,2018-07-19 01:37:15+00:00,83844720,ageitgey/face_recognition,5773846,yeekzhang,,
2849,ForkEvent,2017-10-29 02:48:34+00:00,43681383,doomedraven/VirusTotalApi,6811830,petermbenjamin,,
2857,ForkEvent,2018-05-29 13:30:42+00:00,20556335,fmfn/BayesianOptimization,18557668,agdyangkang,,
2865,ForkEvent,2011-12-23 16:05:02+00:00,2688418,ionelmc/django-redisboard,53455,areski,,
2890,ForkEvent,2017-02-26 03:14:55+00:00,9370804,llazzaro/django-scheduler,1359520,jacquelineflemming,,
2892,ForkEvent,2015-08-05 07:26:00+00:00,9370804,llazzaro/django-scheduler,8070577,softiran,,
2905,ForkEvent,2015-07-14 05:27:03+00:00,3687291,maxcountryman/flask-login,8496331,xstpl,,
2906,ForkEvent,2016-03-04 18:21:15+00:00,3687291,maxcountryman/flask-login,5247468,aipub,,
2914,ForkEvent,2018-07-19 17:49:32+00:00,91954905,mjj4791/python-buienradar,14811189,starkillerOG,,
2927,ForkEvent,2017-12-02 10:38:15+00:00,5646851,saxix/django-adminactions,4660275,sobolevn,,
2944,ForkEvent,2015-01-31 21:50:19+00:00,4607655,spookylukey/django-paypal,164546,Hippocrates,,
2946,ForkEvent,2017-12-11 23:29:17+00:00,23527183,svenkreiss/html5validator,9026776,wrCisco,,
2953,ForkEvent,2017-03-09 21:51:39+00:00,55211395,willthames/ansible-review,8462645,jborean93,,
2959,ForkEvent,2016-04-08 08:28:24+00:00,28577939,CamDavidsonPilon/lifetimes,5584940,animeshdubeyad,,
2971,ForkEvent,2017-03-31 07:50:11+00:00,13226530,alanjds/drf-nested-routers,8510840,yiakwy,,
2986,ForkEvent,2016-07-08 18:12:32+00:00,48640313,codalab/codalab-worksheets,1948012,sidaw,,
3010,ForkEvent,2017-08-23 13:53:02+00:00,8186469,isislovecruft/python-gnupg,18322481,instantname,,
3022,ForkEvent,2018-07-18 16:22:58+00:00,122775780,kennethreitz/requests-html,2296168,lovewitty,,
3027,ForkEvent,2018-03-07 02:50:36+00:00,122775780,kennethreitz/requests-html,10540507,thinkalonely,,
3033,ForkEvent,2018-05-03 09:52:44+00:00,122775780,kennethreitz/requests-html,23091156,sangskf,,
3068,ForkEvent,2015-10-03 04:24:41+00:00,8909193,catherinedevlin/ipython-sql,10236920,pik,,
3114,ForkEvent,2015-07-10 19:37:44+00:00,27875640,alecxe/scrapy-fake-useragent,10658860,TRSKY,,
3137,ForkEvent,2016-03-23 05:20:24+00:00,19168375,macropin/django-registration,630462,lydiagu,,
3149,ForkEvent,2016-08-07 09:05:55+00:00,10477374,recamshak/django-debug-panel,1351166,essanpupil,,
3165,ForkEvent,2017-02-15 23:16:32+00:00,2175859,Lawouach/WebSocket-for-Python,5936212,prochafilho,,
3177,ForkEvent,2017-09-28 03:43:12+00:00,10312759,kvesteri/sqlalchemy-continuum,2020848,seanich,,
3214,ForkEvent,2018-07-02 06:44:24+00:00,4175251,brutasse/django-password-reset,4045950,neonwarp,,
3215,ForkEvent,2016-09-07 12:53:12+00:00,52888013,byashimov/django-controlcenter,5443003,Barolina,,
3233,ForkEvent,2017-05-04 23:46:23+00:00,65922807,kdeldycke/meta-package-manager,232652,SikhNerd,,
3245,ForkEvent,2016-07-01 04:22:07+00:00,5715871,tarak/django-password-policies,112729,brianmay,,
3261,ForkEvent,2015-03-02 18:48:49+00:00,11621778,danialfarid/angular-file-upload,3412304,glorio,,
3275,ForkEvent,2018-08-24 02:14:49+00:00,10674033,marcgibbons/django-rest-swagger,17444266,LYF1999,,
3285,ForkEvent,2018-02-09 02:50:21+00:00,26865957,Pithikos/python-websocket-server,20863831,Codemann14,,
3290,ForkEvent,2018-04-09 12:54:25+00:00,6241977,deschler/django-modeltranslation,96352,kakulukia,,
3292,ForkEvent,2015-08-06 15:00:13+00:00,8177778,koalalorenzo/python-digitalocean,743770,frutik,,
3295,ForkEvent,2016-04-21 02:39:14+00:00,6129285,lczub/TestLink-API-Python-client,15728563,wangjiachuan,,
3299,ForkEvent,2017-08-15 19:08:10+00:00,2422928,redacted/XKCD-password-generator,1645189,mizunashi,,
3320,ForkEvent,2017-09-08 05:37:16+00:00,33041626,hardikvasa/google-images-download,31752912,rahgarg,,
3325,ForkEvent,2018-05-07 16:58:55+00:00,33041626,hardikvasa/google-images-download,18824134,floydluo,,
3329,ForkEvent,2018-05-30 02:55:23+00:00,14005795,jameslyons/python_speech_features,12210635,yunzqq,,
3370,ForkEvent,2015-01-20 01:53:29+00:00,2303067,stefanfoulis/django-phonenumber-field,232593,jiaaro,,
3379,ForkEvent,2016-07-09 19:33:51+00:00,2303596,iambrandontaylor/django-admin-sortable,3351990,shjohnson-pi,,
3381,ForkEvent,2017-05-13 22:42:55+00:00,59957955,amueller/introduction_to_ml_with_python,16628171,Data8Science,,
3383,ForkEvent,2018-03-23 16:54:22+00:00,59957955,amueller/introduction_to_ml_with_python,25476499,duthedd,,
3384,ForkEvent,2016-10-17 19:10:54+00:00,59957955,amueller/introduction_to_ml_with_python,3152726,nagyist,,
3390,ForkEvent,2017-08-06 02:55:42+00:00,20088879,serhatbolsu/robotframework-appiumlibrary,11387317,daisy200029,,
3396,ForkEvent,2017-08-14 12:21:47+00:00,37912001,yinkaisheng/Python-UIAutomation-for-Windows,26154330,Shaw-lib,,
3397,ForkEvent,2016-06-12 08:18:08+00:00,3972591,yoavaviram/python-amazon-simple-product-api,675997,pombredanne,,
3409,ForkEvent,2016-11-20 10:55:31+00:00,31625947,PhilipGarnero/django-rest-framework-social-oauth2,1131179,knaperek,,
3415,ForkEvent,2018-02-20 20:28:47+00:00,3472837,orcasgit/python-fitbit,13692292,amchelmer,9833,orcasgit
3432,ForkEvent,2015-03-01 08:11:53+00:00,3372086,soundcloud/soundcloud-python,1871047,Xiaodan,21021,soundcloud
3436,ForkEvent,2015-07-23 21:53:37+00:00,18534090,box/flaky,11448210,anthonywee,23900,box
3440,ForkEvent,2017-04-05 11:17:11+00:00,30386388,box/box-python-sdk,20516173,himanshu-garg-165,23900,box
3477,ForkEvent,2017-09-25 14:11:57+00:00,34864402,apache/incubator-mxnet,141614,pierric,47359,apache
3534,ForkEvent,2018-08-02 01:54:44+00:00,34864402,apache/incubator-mxnet,8441320,GesusK,47359,apache
3564,ForkEvent,2017-09-26 01:33:55+00:00,33884891,apache/incubator-airflow,1678585,barrywhart,47359,apache
3574,ForkEvent,2016-09-29 18:21:06+00:00,33884891,apache/incubator-airflow,95350,jghoman,47359,apache
3581,ForkEvent,2018-08-14 21:00:25+00:00,33884891,apache/incubator-airflow,42356143,trishka,47359,apache
3583,ForkEvent,2017-06-23 12:54:28+00:00,33884891,apache/incubator-airflow,993737,iheartradio,47359,apache
3589,ForkEvent,2017-09-18 22:19:19+00:00,33884891,apache/incubator-airflow,3099936,mchalek,47359,apache
3598,ForkEvent,2017-03-31 20:31:58+00:00,33884891,apache/incubator-airflow,1424728,kikinteractive,47359,apache
3628,ForkEvent,2016-01-01 08:44:48+00:00,3526435,incuna/django-wkhtmltopdf,422501,jontsai,55510,incuna
3642,ForkEvent,2016-04-26 11:36:32+00:00,155815,django-extensions/django-extensions,10020559,yonggill,65559,django-extensions
3644,ForkEvent,2016-06-28 09:25:05+00:00,155815,django-extensions/django-extensions,17021,beshrkayali,65559,django-extensions
3657,ForkEvent,2016-12-08 18:40:28+00:00,155815,django-extensions/django-extensions,2230810,TexasFile,65559,django-extensions
3662,ForkEvent,2017-03-21 04:34:31+00:00,63092490,quora/asynq,7991350,kangkot,68739,quora
3674,ForkEvent,2018-05-27 17:41:50+00:00,6930489,facebook/watchman,48666,strager,69631,facebook
3678,ForkEvent,2016-03-15 14:52:00+00:00,6930489,facebook/watchman,7493832,jeffhostetler,69631,facebook
3687,ForkEvent,2018-08-22 12:41:00+00:00,6538922,jquery/jquery-migrate,34942943,DIOGORA,70142,jquery
3770,ForkEvent,2018-08-29 10:31:22+00:00,60273704,mozilla/DeepSpeech,9550374,sg8491,131524,mozilla
3773,ForkEvent,2018-08-05 23:53:54+00:00,60273704,mozilla/DeepSpeech,40505545,malcolmhoward,131524,mozilla
3789,ForkEvent,2017-12-04 13:22:58+00:00,60273704,mozilla/DeepSpeech,7212521,QihongL,131524,mozilla
3797,ForkEvent,2018-04-17 12:11:32+00:00,60273704,mozilla/DeepSpeech,11441748,fujiajunfujiajunfujiajun,131524,mozilla
3843,ForkEvent,2017-01-12 15:18:49+00:00,8463294,mozilla/treeherder,122800,davehunt,131524,mozilla
3920,ForkEvent,2016-04-25 05:27:31+00:00,14993021,ipython/traitlets,758325,ghosthamlet,230453,ipython
3935,ForkEvent,2018-07-06 02:39:27+00:00,9155431,spotify/annoy,663320,xidianw3,251374,spotify
3939,ForkEvent,2015-04-04 15:06:29+00:00,5888353,spotify/luigi,11615185,javaosos,251374,spotify
3946,ForkEvent,2015-03-26 18:51:25+00:00,5888353,spotify/luigi,3382983,PageLearning,251374,spotify
3958,ForkEvent,2017-01-19 08:26:02+00:00,5888353,spotify/luigi,11444316,kigsmtua,251374,spotify
4082,ForkEvent,2016-02-09 10:06:06+00:00,24774658,boto/boto3,254434,analytically,327752,boto
4086,ForkEvent,2017-05-30 13:42:22+00:00,24774658,boto/boto3,5372028,srgunukula,327752,boto
4155,ForkEvent,2017-06-03 00:54:41+00:00,1062237,libgit2/pygit2,931282,zbristow,394745,libgit2
4166,ForkEvent,2015-07-27 03:44:03+00:00,921367,cobrateam/splinter,9248238,HelenJane,403905,cobrateam
4190,ForkEvent,2016-06-14 17:48:28+00:00,15169689,vmware/pyvmomi,2087380,JLHasson,473334,vmware
4195,ForkEvent,2016-02-24 08:13:37+00:00,15169689,vmware/pyvmomi,469934,userlocalhost2000,473334,vmware
4211,ForkEvent,2018-01-30 18:14:48+00:00,8649830,paypal/PayPal-Python-SDK,27400255,saulmestanza,476675,paypal
4228,ForkEvent,2017-10-22 14:18:13+00:00,1126087,gitpython-developers/GitPython,31965658,QuantXP,503709,gitpython-developers
4230,ForkEvent,2017-05-25 11:12:54+00:00,1148272,Supervisor/superlance,6364523,ksrivatsa,513914,Supervisor
4234,ForkEvent,2018-06-21 16:50:14+00:00,62725884,kayak/pypika,31959467,LondonAppDeveloper,521891,kayak
4266,ForkEvent,2016-05-31 08:51:28+00:00,25490273,arteria/django-compat,861044,browniebroke,554194,arteria
4276,ForkEvent,2015-12-03 01:41:47+00:00,13971811,Imgur/imgurpython,1542025,khazhyk,558067,Imgur
4278,ForkEvent,2016-04-15 08:12:20+00:00,13971811,Imgur/imgurpython,15167301,beminee,558067,Imgur
4279,ForkEvent,2017-12-23 12:58:01+00:00,28201627,dropbox/nsot,15712321,GSGBen,559357,dropbox
4330,ForkEvent,2015-07-03 15:05:52+00:00,20058282,nephila/django-meta,1942495,DmitryFillo,630341,nephila
4331,ForkEvent,2016-07-13 19:32:50+00:00,15670215,nephila/djangocms-blog,3020125,auf,630341,nephila
4349,ForkEvent,2017-06-27 04:38:22+00:00,24757484,robotpy/robotpy-wpilib,29722666,Ironpulse,640276,robotpy
4372,ForkEvent,2018-02-24 03:49:37+00:00,79510167,pypa/pipenv,1177332,ace-han,647025,pypa
4432,ForkEvent,2016-08-03 16:31:54+00:00,1446474,pypa/virtualenv,4406268,otarabai,647025,pypa
4467,ForkEvent,2015-12-01 14:21:00+00:00,2842744,thoughtnirvana/xmldict,15114656,CiteET,717557,thoughtnirvana
4470,ForkEvent,2018-02-14 04:05:10+00:00,2504175,nodeca/js-yaml,50860,kindy,723678,nodeca
4497,ForkEvent,2015-11-14 09:37:28+00:00,4978045,Parsely/pykafka,8638848,icebergfire,779641,Parsely
4505,ForkEvent,2018-04-17 15:34:17+00:00,4978045,Parsely/pykafka,20291742,SpongeTsui,779641,Parsely
4521,ForkEvent,2017-09-26 05:12:17+00:00,69835022,cs50/python-cs50,29383017,ymdatta,788676,cs50
4533,ForkEvent,2016-06-27 04:43:21+00:00,20752487,HIT-SCIR/pyltp,11536875,owenzx,823252,HIT-SCIR
4581,ForkEvent,2016-04-27 20:35:13+00:00,7507548,materialsproject/fireworks,1326811,dotsdl,867057,materialsproject
4582,ForkEvent,2018-07-13 22:11:57+00:00,7507548,materialsproject/fireworks,1917664,chuckie82,867057,materialsproject
4589,ForkEvent,2017-07-12 14:10:35+00:00,2014929,scikit-image/scikit-image,20908889,erayon,897180,scikit-image
4608,ForkEvent,2016-10-31 00:48:40+00:00,2014929,scikit-image/scikit-image,11063448,benlongo,897180,scikit-image
4632,ForkEvent,2016-02-24 08:37:56+00:00,1474600,Mashape/unirest-python,15726662,Mrhjx2,962416,Mashape
4637,ForkEvent,2018-08-23 06:52:28+00:00,26542499,uploadcare/pillow-simd,16008499,zabio3,978311,uploadcare
4666,ForkEvent,2016-04-01 19:52:16+00:00,9252533,numenta/nupic,17887034,dsakalley,1039191,numenta
4674,ForkEvent,2017-08-26 18:30:44+00:00,9252533,numenta/nupic,499600,paulscode,1039191,numenta
4677,ForkEvent,2015-05-20 19:17:17+00:00,9252533,numenta/nupic,2275965,AndrewCh,1039191,numenta
4697,ForkEvent,2015-12-27 14:53:43+00:00,6679704,studioimaginaire/phue,13725446,dvdbaur,1060818,studioimaginaire
4698,ForkEvent,2017-10-15 15:03:54+00:00,6679704,studioimaginaire/phue,6075668,neil-hickey,1060818,studioimaginaire
4795,ForkEvent,2016-01-07 09:33:08+00:00,40135191,inveniosoftware/invenio-oauth2server,3518813,bruno314,1157480,inveniosoftware
4802,ForkEvent,2017-01-09 15:24:43+00:00,9039109,ContinuumIO/pycosat,3019665,jakirkham,1158637,ContinuumIO
4826,ForkEvent,2017-01-14 15:48:11+00:00,8545263,zopefoundation/z3c.rml,1843539,trvrm,1163184,zopefoundation
4827,ForkEvent,2015-02-17 19:32:14+00:00,8367474,zopefoundation/z3c.form,1923059,mmilkin,1163184,zopefoundation
4861,ForkEvent,2018-02-02 10:37:48+00:00,95770373,sensepost/objection,30012475,crypticterminal,1193973,sensepost
4893,ForkEvent,2016-04-22 09:03:00+00:00,15958352,GetBlimp/django-rest-framework-jwt,943762,guillaumevincent,1227237,GetBlimp
4902,ForkEvent,2018-08-08 22:43:21+00:00,23400136,uchicago-cs/deepdish,22462463,afcarl,1261100,uchicago-cs
4905,ForkEvent,2016-01-24 16:48:59+00:00,5070149,kivy/buildozer,694081,jabbalaci,1266152,kivy
4947,ForkEvent,2018-04-18 01:00:19+00:00,118854343,Kaggle/kaggle-api,38480896,xuqi9654,1336944,Kaggle
4949,ForkEvent,2018-03-31 17:42:56+00:00,118854343,Kaggle/kaggle-api,30424232,sHongJung,1336944,Kaggle
4953,ForkEvent,2017-01-25 02:11:34+00:00,73104945,google/mobly,18686460,dshahbaz,1342004,google
4972,ForkEvent,2016-01-21 14:32:37+00:00,24993138,google/brotli,10335054,ashtonchase,1342004,google
4973,ForkEvent,2016-05-06 03:21:19+00:00,24993138,google/brotli,3105064,hinike,1342004,google
4984,ForkEvent,2017-04-11 12:19:30+00:00,37888429,google/textfsm,26860203,jhtut,1342004,google
4998,ForkEvent,2018-01-21 16:05:51+00:00,21404763,google/python-adb,1752369,MohammadAG,1342004,google
5019,ForkEvent,2018-01-13 08:24:04+00:00,82729529,google/python-fire,15256493,anthonyabeo,1342004,google
5027,ForkEvent,2018-03-23 07:39:59+00:00,82729529,google/python-fire,7133852,ClericPy,1342004,google
5064,ForkEvent,2018-02-01 17:02:01+00:00,60379729,quantopian/alphalens,12583146,vipulbhunwal,1393215,quantopian
5068,ForkEvent,2016-04-11 16:08:33+00:00,14437755,getsentry/responses,1183700,rebeckag,1396951,getsentry
5139,ForkEvent,2015-03-01 18:22:49+00:00,3470471,FortAwesome/Font-Awesome,9413962,mona9219,1505683,FortAwesome
5163,ForkEvent,2015-09-20 12:18:28+00:00,3470471,FortAwesome/Font-Awesome,13728568,ZaenChou,1505683,FortAwesome
5168,ForkEvent,2016-08-09 16:41:21+00:00,3470471,FortAwesome/Font-Awesome,16499479,ouermaimeng,1505683,FortAwesome
5177,ForkEvent,2016-02-28 14:04:06+00:00,3470471,FortAwesome/Font-Awesome,7152834,liuhanjun76,1505683,FortAwesome
5233,ForkEvent,2018-07-24 05:55:37+00:00,3470471,FortAwesome/Font-Awesome,23696741,Byte-xzj,1505683,FortAwesome
5240,ForkEvent,2015-10-29 14:07:52+00:00,3470471,FortAwesome/Font-Awesome,12432679,neworldwebsites,1505683,FortAwesome
5254,ForkEvent,2017-01-20 06:43:44+00:00,3470471,FortAwesome/Font-Awesome,6648047,oldlie,1505683,FortAwesome
5258,ForkEvent,2016-05-21 18:01:54+00:00,3470471,FortAwesome/Font-Awesome,9263446,youzg,1505683,FortAwesome
5259,ForkEvent,2015-10-07 09:19:27+00:00,3470471,FortAwesome/Font-Awesome,13483230,Chenkaiang,1505683,FortAwesome
5281,ForkEvent,2016-05-23 13:26:35+00:00,3470471,FortAwesome/Font-Awesome,363569,engemasa,1505683,FortAwesome
5300,ForkEvent,2016-08-09 00:59:37+00:00,3470471,FortAwesome/Font-Awesome,20430905,DuniaGoncalves,1505683,FortAwesome
5304,ForkEvent,2017-07-04 17:36:59+00:00,3470471,FortAwesome/Font-Awesome,25585358,romzie,1505683,FortAwesome
5316,ForkEvent,2016-08-05 17:53:01+00:00,3470471,FortAwesome/Font-Awesome,1783713,ryan-luas,1505683,FortAwesome
5463,ForkEvent,2018-05-23 08:03:18+00:00,62636420,PX4/pyulog,21353279,houjiangkuan,2096014,PX4
5476,ForkEvent,2017-06-29 03:13:16+00:00,46388888,genialis/resolwe-bio,4088750,kenongit,2120224,genialis
5517,ForkEvent,2018-06-22 17:30:52+00:00,30509483,clab/dynet,11980299,echo32,2374376,clab
5537,ForkEvent,2017-06-17 05:56:20+00:00,6248645,ARM-DOE/pyart,9332975,HKCaesar,2540600,ARM-DOE
5543,ForkEvent,2018-06-10 21:14:01+00:00,81349068,snipsco/snips-nlu,2698956,voltek62,2564618,snipsco
5653,ForkEvent,2017-10-17 18:48:26+00:00,16316451,GoogleCloudPlatform/google-cloud-python,26579862,Volksfeld,2810941,GoogleCloudPlatform
5705,ForkEvent,2016-09-01 12:00:50+00:00,11852493,GoogleCloudPlatform/compute-image-packages,1522553,ponvino,2810941,GoogleCloudPlatform
5724,ForkEvent,2015-03-05 06:47:26+00:00,12120491,uqfoundation/klepto,4153292,rddaz2013,2855931,uqfoundation
5729,ForkEvent,2017-10-10 16:07:49+00:00,2336578,twbs/bootstrap-sass,1808686,panchalkalpesh,2918581,twbs
5743,ForkEvent,2016-07-07 08:36:14+00:00,2336578,twbs/bootstrap-sass,1532533,Thinkei,2918581,twbs
5754,ForkEvent,2017-06-08 02:03:29+00:00,4086616,shadowsocks/shadowsocks,5986373,leiluohui,3006190,shadowsocks
5755,ForkEvent,2017-09-20 07:33:23+00:00,4086616,shadowsocks/shadowsocks,10544993,limiwei,3006190,shadowsocks
5763,ForkEvent,2018-03-14 03:45:13+00:00,4086616,shadowsocks/shadowsocks,37356380,czx888,3006190,shadowsocks
5765,ForkEvent,2015-06-06 09:56:34+00:00,4086616,shadowsocks/shadowsocks,3948053,wherby,3006190,shadowsocks
5769,ForkEvent,2015-11-28 01:01:14+00:00,4086616,shadowsocks/shadowsocks,15858680,ssssyq,3006190,shadowsocks
5784,ForkEvent,2016-08-31 01:54:48+00:00,4086616,shadowsocks/shadowsocks,20438768,wangxxxlll,3006190,shadowsocks
5787,ForkEvent,2017-07-23 14:29:36+00:00,4086616,shadowsocks/shadowsocks,20264327,Renkers,3006190,shadowsocks
5789,ForkEvent,2017-06-03 04:24:14+00:00,4086616,shadowsocks/shadowsocks,26848751,Apedad,3006190,shadowsocks
5792,ForkEvent,2015-08-21 02:22:10+00:00,4086616,shadowsocks/shadowsocks,3983330,shiniv,3006190,shadowsocks
5796,ForkEvent,2017-09-30 10:22:22+00:00,4086616,shadowsocks/shadowsocks,22050666,cleoreo,3006190,shadowsocks
5801,ForkEvent,2016-04-10 15:57:06+00:00,4086616,shadowsocks/shadowsocks,4133273,roycncn,3006190,shadowsocks
5802,ForkEvent,2018-01-02 09:49:53+00:00,4086616,shadowsocks/shadowsocks,21330418,Xavier-wang,3006190,shadowsocks
5810,ForkEvent,2016-05-11 04:59:45+00:00,4086616,shadowsocks/shadowsocks,13795923,bailongctui,3006190,shadowsocks
5817,ForkEvent,2016-12-27 11:06:37+00:00,4086616,shadowsocks/shadowsocks,11938894,weifeiliu,3006190,shadowsocks
5819,ForkEvent,2017-10-28 13:40:43+00:00,4086616,shadowsocks/shadowsocks,19286853,chanqi4444,3006190,shadowsocks
5824,ForkEvent,2017-09-03 01:00:37+00:00,4086616,shadowsocks/shadowsocks,31055293,ford-wilde,3006190,shadowsocks
5826,ForkEvent,2015-04-21 10:53:59+00:00,4086616,shadowsocks/shadowsocks,1519968,minixia,3006190,shadowsocks
5837,ForkEvent,2017-04-04 11:40:02+00:00,7137821,cloudtools/troposphere,6009526,fgiaretta,3028687,cloudtools
5839,ForkEvent,2018-05-08 08:27:03+00:00,7137821,cloudtools/troposphere,798906,estiedi,3028687,cloudtools
5840,ForkEvent,2018-06-14 05:57:44+00:00,7137821,cloudtools/troposphere,1460584,bluedusk,3028687,cloudtools
5945,ForkEvent,2016-07-24 14:53:57+00:00,43388350,awslabs/aws-shell,11540226,DataIX,3299148,awslabs
5954,ForkEvent,2017-01-27 19:18:37+00:00,25538034,awslabs/amazon-kinesis-client-python,19561268,danielnix,3299148,awslabs
5975,ForkEvent,2016-03-28 11:44:30+00:00,7695747,wal-e/wal-e,3912070,anmic,3310438,wal-e
6013,ForkEvent,2016-07-04 17:05:41+00:00,22978655,googlemaps/google-maps-services-python,15102131,kot0begemot,3717923,googlemaps
6022,ForkEvent,2018-03-29 15:07:14+00:00,21954559,datamade/usaddress,10091891,ponach,3723931,datamade
6025,ForkEvent,2015-04-15 17:06:59+00:00,25285581,datamade/parserator,653497,vierja,3723931,datamade
6113,ForkEvent,2017-04-01 18:04:13+00:00,14991049,nccgroup/Scout2,51250,bmacauley,4067082,nccgroup
6115,ForkEvent,2015-04-12 14:02:12+00:00,9322649,html5lib/html5lib-python,11399570,jwpalermo28,4092973,html5lib
6121,ForkEvent,2016-10-14 17:58:27+00:00,12274215,Answers4AWS/graffiti-monkey,372235,adamb0mb,4177374,Answers4AWS
6130,ForkEvent,2016-05-18 22:50:47+00:00,27823188,aldryn/aldryn-newsblog,740106,Nekmo,4201738,aldryn
6135,ForkEvent,2016-06-17 16:11:53+00:00,19079404,thefactory/marathon-python,5367380,pipelinedb,4227819,thefactory
6144,ForkEvent,2016-10-18 03:56:47+00:00,9633067,lionheart/django-pyodbc,21238340,elyshow,4284334,lionheart
6175,ForkEvent,2016-07-27 15:04:18+00:00,41820544,databricks/spark-sklearn,9719707,mizvol,4998052,databricks
6195,ForkEvent,2016-08-08 15:34:44+00:00,12407457,Exa-Networks/exabgp,262792,dhammika,5339170,Exa-Networks
6219,ForkEvent,2016-03-11 11:55:33+00:00,10247874,docker/docker-py,1282865,chouseknecht,5429470,docker
6284,ForkEvent,2015-08-31 16:58:56+00:00,3791384,coursera-dl/coursera-dl,3927813,ylcolala,5588942,coursera-dl
6327,ForkEvent,2018-02-06 05:46:12+00:00,91356408,allenai/allennlp,9364209,shuangluhuifeng,5667695,allenai
6345,ForkEvent,2015-06-04 22:18:46+00:00,13512018,python-diamond/Diamond,1175612,andrewhuang,5668086,python-diamond
6347,ForkEvent,2017-05-23 08:16:07+00:00,13512018,python-diamond/Diamond,15264563,juanlucruz,5668086,python-diamond
6352,ForkEvent,2015-12-16 03:21:49+00:00,14151539,influxdb/influxdb-python,2387023,github4ry,5713248,influxdb
6357,ForkEvent,2015-03-15 14:09:08+00:00,14121294,cuthbertLab/music21,2692805,maxalbert,5853935,cuthbertLab
6399,ForkEvent,2016-12-10 23:17:51+00:00,22757589,freelawproject/juriscraper,6768556,allentran,6012898,freelawproject
6435,ForkEvent,2015-06-14 22:35:52+00:00,11589713,deis/deis,2488705,sockeye44,6117407,deis
6481,ForkEvent,2018-02-23 03:15:16+00:00,71996613,blue-yonder/tsfresh,6115139,huangshizhi,6234170,blue-yonder
6526,ForkEvent,2017-12-25 16:55:50+00:00,81221757,ethereum/eth-utils,34838546,Rue-Foundation,6250754,ethereum
6573,ForkEvent,2016-10-31 00:29:27+00:00,6235174,conda/conda,22551616,soportecnicomputer,6392739,conda
6645,ForkEvent,2017-10-12 14:18:31+00:00,17712127,CoreSecurity/pcapy,25977197,ybovard,6544688,CoreSecurity
6658,ForkEvent,2016-08-24 03:39:26+00:00,6347889,django-admin-bootstrapped/django-admin-bootstrapped,16227780,ddongclear,6607971,django-admin-bootstrapped
6671,ForkEvent,2016-02-18 13:39:42+00:00,26829379,VUnit/vunit,150886,go2sh,6691399,VUnit
6690,ForkEvent,2015-10-25 15:44:02+00:00,9801644,elastic/elasticsearch-py,8615029,vvvvcp,6764390,elastic
6754,ForkEvent,2016-10-21 23:16:48+00:00,51040886,Azure/azure-cli,11080940,PeterJausovec,6844498,Azure
6819,ForkEvent,2017-05-16 18:53:36+00:00,62902455,Azure/azure-data-lake-store-python,7906467,alejandrox1,6844498,Azure
6836,ForkEvent,2018-01-31 19:41:01+00:00,17689377,pre-commit/pre-commit,11854690,bagerard,6943086,pre-commit
6843,ForkEvent,2015-04-02 10:41:40+00:00,1605598,bulletphysics/bullet3,5172425,madmongo1,6955508,bulletphysics
6847,ForkEvent,2018-03-12 06:32:01+00:00,1605598,bulletphysics/bullet3,4596078,b2220333,6955508,bulletphysics
6851,ForkEvent,2015-01-26 05:43:15+00:00,1605598,bulletphysics/bullet3,7410825,Aedho,6955508,bulletphysics
6867,ForkEvent,2015-10-02 10:32:35+00:00,18031064,hmmlearn/hmmlearn,122389,twomers,7037444,hmmlearn
6892,ForkEvent,2017-10-26 04:25:12+00:00,13258039,aio-libs/aiohttp,1781999,ahui132,7049303,aio-libs
6901,ForkEvent,2018-03-06 05:10:36+00:00,28932001,aio-libs/aiomysql,6069365,terrisgit,7049303,aio-libs
6958,ForkEvent,2018-04-14 18:40:10+00:00,33653601,jupyter/notebook,38384093,chranders,7388996,jupyter
6963,ForkEvent,2017-04-03 07:19:42+00:00,33653601,jupyter/notebook,182130,psyccho,7388996,jupyter
6964,ForkEvent,2018-07-11 18:06:20+00:00,33653601,jupyter/notebook,31459633,hj717,7388996,jupyter
6996,ForkEvent,2017-08-01 03:06:12+00:00,33653601,jupyter/notebook,4958819,udo-tech-team,7388996,jupyter
7001,ForkEvent,2017-02-25 07:31:58+00:00,33653601,jupyter/notebook,12999836,nickylimjj,7388996,jupyter
7010,ForkEvent,2018-04-23 00:33:32+00:00,33653601,jupyter/notebook,5306156,masscreation,7388996,jupyter
7012,ForkEvent,2018-04-05 17:13:48+00:00,33653601,jupyter/notebook,38108348,JCatGitHub,7388996,jupyter
7030,ForkEvent,2018-06-13 13:57:40+00:00,51587308,Onyo/jsonbender,13937696,aishik-pyne,7415815,Onyo
7057,ForkEvent,2018-03-08 09:47:00+00:00,77021566,hyperledger/indy-node,13445727,durgarao641,7657900,hyperledger
7127,ForkEvent,2016-08-21 00:18:42+00:00,24375248,blockstack/blockstack-core,20219607,qsnipp,8165984,blockstack
7164,ForkEvent,2017-09-11 06:12:55+00:00,98336690,deepmind/pysc2,22972133,AllIsObject,8596759,deepmind
7189,ForkEvent,2018-02-01 03:32:31+00:00,87067212,deepmind/sonnet,33742856,laal65,8596759,deepmind
7190,ForkEvent,2017-04-10 16:29:32+00:00,87067212,deepmind/sonnet,345925,zhoudaqing,8596759,deepmind
7191,ForkEvent,2018-03-28 05:59:45+00:00,87067212,deepmind/sonnet,22932261,MyStyleee,8596759,deepmind
7242,ForkEvent,2017-02-11 16:46:49+00:00,24245737,projectmesa/mesa,1755479,superbug74,8754505,projectmesa
7245,ForkEvent,2017-12-18 02:39:02+00:00,23953531,androguard/androguard,9495291,calistochen,8758456,androguard
7248,ForkEvent,2017-01-26 12:59:38+00:00,23953531,androguard/androguard,1472613,Tsegaab,8758456,androguard
7250,ForkEvent,2016-08-29 09:42:21+00:00,23953531,androguard/androguard,9434193,HexACK,8758456,androguard
7257,ForkEvent,2015-06-25 09:44:58+00:00,23953531,androguard/androguard,6064423,a26007565,8758456,androguard
7258,ForkEvent,2016-11-27 09:35:26+00:00,23953531,androguard/androguard,5191100,avineshwar,8758456,androguard
7265,ForkEvent,2016-08-01 09:58:47+00:00,63186293,CiscoDevNet/ciscosparkapi,757884,rschmied,8827988,CiscoDevNet
7267,ForkEvent,2017-07-10 16:31:52+00:00,24378312,summanlp/textrank,802083,ashvant,8879217,summanlp
7268,ForkEvent,2016-10-25 10:07:04+00:00,24378312,summanlp/textrank,10927252,akankshadara,8879217,summanlp
7270,ForkEvent,2018-01-05 16:06:11+00:00,34739117,pytest-dev/pluggy,158029,pieterb,8897583,pytest-dev
7307,ForkEvent,2017-08-18 13:38:39+00:00,1151051,django-oscar/django-oscar,30235077,meij03,9057806,django-oscar
7310,ForkEvent,2015-06-28 07:49:50+00:00,1151051,django-oscar/django-oscar,2804443,kunkku,9057806,django-oscar
7352,ForkEvent,2017-05-24 18:13:41+00:00,26784827,dotnet/core,1596530,robbieford,9141961,dotnet
7358,ForkEvent,2016-07-14 16:27:10+00:00,26784827,dotnet/core,20459785,tintinzero,9141961,dotnet
7418,ForkEvent,2018-06-06 10:48:39+00:00,26661222,tinode/chat,32422223,UsersAndConnections,9325720,tinode
7420,ForkEvent,2017-05-16 17:25:27+00:00,26661222,tinode/chat,20937791,girishmotwani,9325720,tinode
7436,ForkEvent,2017-12-01 07:10:02+00:00,56217288,confluentinc/confluent-kafka-python,18735529,ChuaMK254,9439498,confluentinc
7464,ForkEvent,2017-08-30 15:46:11+00:00,26876372,dateutil/dateutil,15836145,FrontlightCapitalLP,9849410,dateutil
7493,ForkEvent,2015-01-10 14:57:24+00:00,552926,django-ckeditor/django-ckeditor,60035,andybak,9961418,django-ckeditor
7500,ForkEvent,2015-01-04 09:56:20+00:00,9952134,python-visualization/folium,5944409,flyingcar009,9969242,python-visualization
7504,ForkEvent,2017-12-20 09:43:56+00:00,9952134,python-visualization/folium,34105220,katrinepertsovski,9969242,python-visualization
7524,ForkEvent,2018-02-09 19:37:15+00:00,42750248,watson-developer-cloud/python-sdk,22406547,buyuhuang,10017763,watson-developer-cloud
7525,ForkEvent,2017-05-03 05:06:43+00:00,42750248,watson-developer-cloud/python-sdk,22386918,yashugupta786,10017763,watson-developer-cloud
7526,ForkEvent,2018-04-17 10:03:22+00:00,42750248,watson-developer-cloud/python-sdk,29989590,7aycey7,10017763,watson-developer-cloud
7566,ForkEvent,2018-08-25 22:45:58+00:00,4637221,powerline/powerline,40244382,msilvavieira,10100576,powerline
7588,ForkEvent,2015-02-15 00:18:21+00:00,14284859,marshmallow-code/marshmallow,7722913,philtay,10334301,marshmallow-code
7609,ForkEvent,2018-08-10 15:58:14+00:00,40094312,pyserial/pyserial,40863957,dferencz,10537924,pyserial
7616,ForkEvent,2017-12-11 17:03:56+00:00,112676803,apple/turicreate,34403774,li1Gbass,10639145,apple
7619,ForkEvent,2018-01-02 09:11:16+00:00,112676803,apple/turicreate,15156226,XWJACK,10639145,apple
7643,ForkEvent,2015-07-11 19:49:57+00:00,4088871,aichaos/rivescript-python,2906727,fulviopp,10762700,aichaos
7709,ForkEvent,2016-12-11 21:23:57+00:00,30895522,pvlib/pvlib-python,5075116,vuvlab,11037261,pvlib
7728,ForkEvent,2018-07-23 14:12:32+00:00,21987374,django-json-api/django-rest-framework-json-api,40866955,AnandSamir,11215076,django-json-api
7733,ForkEvent,2017-10-24 23:10:41+00:00,70124554,lablup/backend.ai,31669000,0r0i,11258248,lablup
7741,ForkEvent,2017-01-30 19:44:15+00:00,597114,Becksteinlab/GromacsWrapper,15192133,PicoCentauri,11325701,Becksteinlab
7764,ForkEvent,2018-07-26 21:19:25+00:00,122896249,dmlc/gluon-cv,19932956,abhinavs95,11508361,dmlc
7815,ForkEvent,2015-06-01 03:43:37+00:00,23924195,Lasagne/Lasagne,1160392,slaypni,11752110,Lasagne
7816,ForkEvent,2015-10-29 21:50:21+00:00,23924195,Lasagne/Lasagne,4163026,mravanba,11752110,Lasagne
7818,ForkEvent,2015-10-22 20:32:58+00:00,23924195,Lasagne/Lasagne,2975397,MihailoIsakov,11752110,Lasagne
7824,ForkEvent,2016-10-02 17:25:48+00:00,23924195,Lasagne/Lasagne,3490366,senbon,11752110,Lasagne
7827,ForkEvent,2017-05-29 09:30:04+00:00,23924195,Lasagne/Lasagne,15350702,astooke,11752110,Lasagne
7863,ForkEvent,2015-06-30 08:32:31+00:00,34672431,VingtCinq/python-resize-image,7444897,amirouche,12339750,VingtCinq
7864,ForkEvent,2016-03-24 02:14:07+00:00,6704888,django-import-export/django-import-export,4002194,W7PEA,12345453,django-import-export
7910,ForkEvent,2017-07-22 04:42:57+00:00,37496521,nteract/nteract,20716050,ire603,12401040,nteract
7948,ForkEvent,2017-11-26 04:18:00+00:00,40328394,angr/angr,11056697,mirokuxy,12520807,angr
7974,ForkEvent,2017-02-15 02:28:37+00:00,1706198,ncclient/ncclient,8719230,valjeanchan,12877522,ncclient
7981,ForkEvent,2018-01-09 07:51:09+00:00,23960826,jxtech/wechatpy,1297144,ryekee,12945147,jxtech
7982,ForkEvent,2018-01-03 08:36:17+00:00,23960826,jxtech/wechatpy,7878411,PatchLion,12945147,jxtech
7985,ForkEvent,2015-08-17 14:59:55+00:00,23960826,jxtech/wechatpy,7400711,Tonyzhangl,12945147,jxtech
7992,ForkEvent,2016-05-17 02:14:30+00:00,16469697,mps-youtube/mps-youtube,8063966,widy28,12987682,mps-youtube
8010,ForkEvent,2018-06-14 09:15:28+00:00,51397392,pytroll/satpy,32331207,Nojuman,13004956,pytroll
8030,ForkEvent,2016-11-23 11:03:30+00:00,63773246,ricequant/rqalpha,14083820,zhuo2015,13045878,ricequant
8034,ForkEvent,2016-08-10 13:21:48+00:00,63773246,ricequant/rqalpha,3817399,adenly69,13045878,ricequant
8037,ForkEvent,2016-11-27 15:32:14+00:00,70553423,line/line-bot-sdk-python,14888426,shinichi-osada,13128444,line
8066,ForkEvent,2016-05-08 21:52:43+00:00,1733272,mobolic/facebook-sdk,11389117,mrevening,13390096,mobolic
8070,ForkEvent,2016-11-30 21:02:33+00:00,31315021,Kinto/kinto,13436519,cameronstowell,13413813,Kinto
8120,ForkEvent,2017-04-19 06:44:02+00:00,10040793,scrapy-plugins/scrapy-splash,20810238,zhhx0313,13627237,scrapy-plugins
8163,ForkEvent,2018-08-20 23:44:41+00:00,46374199,IntelRealSense/librealsense,13189057,bokibi,14095512,IntelRealSense
8171,ForkEvent,2016-12-07 04:51:02+00:00,46374199,IntelRealSense/librealsense,16271397,mga0,14095512,IntelRealSense
8223,ForkEvent,2018-04-06 11:03:48+00:00,120541397,openai/retro,35026280,shaunstanislauslau,14957082,openai
8224,ForkEvent,2018-04-08 01:45:44+00:00,120541397,openai/retro,13685797,frankatmech,14957082,openai
8227,ForkEvent,2017-07-21 16:46:29+00:00,92238803,openai/baselines,4245012,domingoesteban,14957082,openai
8228,ForkEvent,2018-05-03 00:36:25+00:00,92238803,openai/baselines,7195282,decoderkurt,14957082,openai
8229,ForkEvent,2018-08-10 21:55:46+00:00,92238803,openai/baselines,5553194,VashishtMadhavan,14957082,openai
8231,ForkEvent,2018-05-05 14:03:57+00:00,92238803,openai/baselines,4283440,marcelo-dalmeida,14957082,openai
8262,ForkEvent,2017-08-21 15:03:59+00:00,43056951,graphql-python/graphene,2022446,yatriks,15002022,graphql-python
8304,ForkEvent,2017-11-04 22:33:11+00:00,1073323,jazzband/sorl-thumbnail,2580091,anzev,15129049,jazzband
8330,ForkEvent,2018-07-04 06:05:47+00:00,124853261,tensorflow/hub,38035301,bata1125,15658638,tensorflow
8357,ForkEvent,2018-03-02 18:34:49+00:00,89370440,filestack/filestack-python,16073220,isi-research,15999235,filestack
8365,ForkEvent,2016-05-11 22:02:02+00:00,55808787,openthread/openthread,5802307,rapport,16142269,openthread
8376,ForkEvent,2016-05-11 19:14:14+00:00,55808787,openthread/openthread,4235940,ghirlekar,16142269,openthread
8380,ForkEvent,2018-06-19 23:21:19+00:00,55808787,openthread/openthread,110322,baryluk,16142269,openthread
8404,ForkEvent,2018-02-10 01:15:23+00:00,55808787,openthread/openthread,7230207,sanyaade-iot,16142269,openthread
8405,ForkEvent,2018-03-13 10:29:14+00:00,55808787,openthread/openthread,27072727,whitefield-framework,16142269,openthread
8411,ForkEvent,2018-03-06 01:35:44+00:00,32737992,napalm-automation/napalm,21053170,johnanthonyraluta,16415577,napalm-automation
8414,ForkEvent,2016-11-27 12:50:18+00:00,32737992,napalm-automation/napalm,15998111,chadell,16415577,napalm-automation
8462,ForkEvent,2017-09-01 00:57:52+00:00,32887098,googleapis/googleapis,3750529,dlaqab,16785467,googleapis
8471,ForkEvent,2018-08-29 23:55:56+00:00,55147386,tflearn/tflearn,42784206,Jayqianonedream,16848261,tflearn
8475,ForkEvent,2016-04-07 23:10:39+00:00,55147386,tflearn/tflearn,2800641,JohnAllen,16848261,tflearn
8481,ForkEvent,2018-06-06 02:59:14+00:00,55147386,tflearn/tflearn,28556792,chenliqiong,16848261,tflearn
8482,ForkEvent,2017-01-28 03:18:54+00:00,55147386,tflearn/tflearn,148344,jgabriellima,16848261,tflearn
8483,ForkEvent,2017-10-10 17:06:47+00:00,55147386,tflearn/tflearn,14302671,askery,16848261,tflearn
8485,ForkEvent,2017-04-16 22:25:59+00:00,55147386,tflearn/tflearn,27647293,yiksl,16848261,tflearn
8486,ForkEvent,2018-08-13 08:12:33+00:00,55147386,tflearn/tflearn,22765897,bittersweet33,16848261,tflearn
8488,ForkEvent,2016-10-18 08:23:35+00:00,55147386,tflearn/tflearn,1449019,epistimos,16848261,tflearn
8494,ForkEvent,2018-01-05 03:07:35+00:00,55147386,tflearn/tflearn,13329583,kanglanglang,16848261,tflearn
8507,ForkEvent,2017-12-31 11:13:49+00:00,80041090,facebookresearch/visdom,6802322,junneyang,16943930,facebookresearch
8509,ForkEvent,2018-01-15 19:11:49+00:00,80041090,facebookresearch/visdom,35420529,blancaschef,16943930,facebookresearch
8517,ForkEvent,2017-03-01 10:00:33+00:00,63484632,facebookresearch/fastText,15342849,sikuma,16943930,facebookresearch
8522,ForkEvent,2017-09-03 06:34:34+00:00,63484632,facebookresearch/fastText,5109847,aaronlifenghan,16943930,facebookresearch
8531,ForkEvent,2017-05-10 04:44:02+00:00,63484632,facebookresearch/fastText,6055037,ahirner,16943930,facebookresearch
8537,ForkEvent,2018-07-13 14:42:43+00:00,63484632,facebookresearch/fastText,24620629,binhetech,16943930,facebookresearch
8539,ForkEvent,2018-05-07 07:30:45+00:00,63484632,facebookresearch/fastText,1551630,Kitter,16943930,facebookresearch
8592,ForkEvent,2017-10-17 10:29:07+00:00,23011147,scikit-learn-contrib/imbalanced-learn,12574263,liusiye,17349883,scikit-learn-contrib
8594,ForkEvent,2018-01-15 03:14:07+00:00,23011147,scikit-learn-contrib/imbalanced-learn,9876373,chrispaquet,17349883,scikit-learn-contrib
8605,ForkEvent,2017-07-28 16:47:29+00:00,38581626,pybind/pybind11,371208,tjcorona,17565521,pybind
8622,ForkEvent,2017-05-10 19:02:15+00:00,38581626,pybind/pybind11,292892,phaustin,17565521,pybind
8632,ForkEvent,2018-02-14 19:11:02+00:00,16865424,pimutils/vdirsyncer,837573,untitaker,17852924,pimutils
8673,ForkEvent,2016-11-08 06:37:45+00:00,26516210,certbot/certbot,13390096,mobolic,17889013,certbot
8689,ForkEvent,2016-05-24 23:23:53+00:00,26516210,certbot/certbot,6589200,samjaninf,17889013,certbot
8707,ForkEvent,2016-11-23 06:27:11+00:00,4198043,ArduPilot/MAVProxy,15644150,cheneyfan,17919847,ArduPilot
8715,ForkEvent,2017-06-29 13:17:46+00:00,58991963,thunlp/THULAC-Python,5896703,flysky1991,18389035,thunlp
8716,ForkEvent,2017-08-06 23:57:48+00:00,58991963,thunlp/THULAC-Python,17084976,sml2h3,18389035,thunlp
8753,ForkEvent,2017-11-25 00:23:57+00:00,19141754,opendatateam/udata,10109366,opennear,19330690,opendatateam
8762,ForkEvent,2018-08-27 08:57:14+00:00,79384269,facebookincubator/bootstrapped,20569592,n7nx,19538647,facebookincubator
8808,ForkEvent,2018-01-26 19:51:04+00:00,25311354,explosion/thinc,16244722,GregDubbin,20011530,explosion
8810,ForkEvent,2016-10-13 15:06:17+00:00,50261113,explosion/sense2vec,10561063,sush93,20011530,explosion
8854,ForkEvent,2017-09-19 11:30:40+00:00,102973646,fastai/fastai,10173588,xie137z,20547620,fastai
8855,ForkEvent,2018-03-02 16:32:35+00:00,102973646,fastai/fastai,18241545,jaidmin,20547620,fastai
8856,ForkEvent,2018-07-07 04:07:45+00:00,102973646,fastai/fastai,11739734,CalmDownKarm,20547620,fastai
8862,ForkEvent,2018-07-31 05:24:40+00:00,102973646,fastai/fastai,1263428,howl-anderson,20547620,fastai
8869,ForkEvent,2018-06-14 03:28:51+00:00,102973646,fastai/fastai,6468755,qitong,20547620,fastai
8874,ForkEvent,2018-04-23 07:11:46+00:00,103826539,openatx/uiautomator2,37651014,xiaohai2003ly,20634838,openatx
8876,ForkEvent,2016-08-19 07:13:16+00:00,2715328,chartit/django-chartit,16279394,bytearchive,20696909,chartit
8884,ForkEvent,2018-06-10 03:50:00+00:00,45495679,EpistasisLab/tpot,8971716,lianglin0310,20861190,EpistasisLab
8894,ForkEvent,2018-05-02 22:58:11+00:00,73328905,pytorch/vision,11357165,apvadaparty,21003710,pytorch
8930,ForkEvent,2018-01-10 08:21:32+00:00,71932349,ray-project/ray,774582,kenqyu,22125274,ray-project
8971,ForkEvent,2016-12-13 17:59:52+00:00,2687166,django-crispy-forms/django-crispy-forms,17710133,illia-v,22212844,django-crispy-forms
9004,ForkEvent,2016-09-30 03:21:05+00:00,68402336,streamlink/streamlink,20378538,TheSneakySniper,22243823,streamlink
9036,ForkEvent,2017-12-18 23:18:40+00:00,72920383,drf-forms/drf-schema-adapter,2116020,mattjegan,23276869,drf-forms
9053,ForkEvent,2018-08-29 15:04:02+00:00,48904888,Cog-Creators/Red-DiscordBot,28158518,xXDavidX,23690422,Cog-Creators
9074,ForkEvent,2018-08-29 07:09:41+00:00,48593532,tensorpack/tensorpack,20614212,MinhHuuNguyen,25570510,tensorpack
9196,ForkEvent,2018-01-31 23:09:48+00:00,102692863,onnx/onnx,1906968,shschaefer,31675368,onnx
9220,ForkEvent,2018-07-25 21:33:23+00:00,33148320,DataBiosphere/toil,3589801,giventocode,32805087,DataBiosphere
9257,ForkEvent,2018-05-08 18:55:43+00:00,62458409,keras-rl/keras-rl,3675958,DrKwint,37139783,keras-rl
9273,ForkEvent,2018-08-22 15:52:51+00:00,93947448,twintproject/twint,2848623,joancf,40190352,twintproject
9298,ForkEvent,2011-11-06 21:56:41+00:00,2419245,plone/plone.schemaeditor,342007,tdesvenain,72034,plone
